name,type,uid,apiLink
Brass Soldiers of Axum,facilities,4:100,https://www.swcombine.com/ws/v2.0/types/facilities/brass%20soldiers%20of%20axum/
Cathedral of Winds,facilities,4:101,https://www.swcombine.com/ws/v2.0/types/facilities/cathedral%20of%20winds/
Floating Rock Garden,facilities,4:95,https://www.swcombine.com/ws/v2.0/types/facilities/floating%20rock%20garden/
Forbidden Gardens of Nuswatta,facilities,4:102,https://www.swcombine.com/ws/v2.0/types/facilities/forbidden%20gardens%20of%20nuswatta/
Fountain of the Ancients,facilities,4:94,https://www.swcombine.com/ws/v2.0/types/facilities/fountain%20of%20the%20ancients/
Oracle of Pelgrin,facilities,4:99,https://www.swcombine.com/ws/v2.0/types/facilities/oracle%20of%20pelgrin/
Royal Hapan Palace,facilities,4:56,https://www.swcombine.com/ws/v2.0/types/facilities/royal%20hapan%20palace/
Wall,facilities,4:86,https://www.swcombine.com/ws/v2.0/types/facilities/4%3A86/
Wall,facilities,4:87,https://www.swcombine.com/ws/v2.0/types/facilities/4%3A87/
ATM,facilities,4:19,https://www.swcombine.com/ws/v2.0/types/facilities/atm/
Anti-Air Battery,facilities,4:10,https://www.swcombine.com/ws/v2.0/types/facilities/anti-air%20battery/
Atgar 1.4 FD P-Tower,facilities,4:15,https://www.swcombine.com/ws/v2.0/types/facilities/atgar%201.4%20fd%20p-tower/
Chapel,facilities,4:69,https://www.swcombine.com/ws/v2.0/types/facilities/chapel/
Fountain,facilities,4:13,https://www.swcombine.com/ws/v2.0/types/facilities/fountain/
Foxhole,facilities,4:14,https://www.swcombine.com/ws/v2.0/types/facilities/foxhole/
Gate,facilities,4:67,https://www.swcombine.com/ws/v2.0/types/facilities/gate/
Golan Laser Battery,facilities,4:9,https://www.swcombine.com/ws/v2.0/types/facilities/golan%20laser%20battery/
Park,facilities,4:11,https://www.swcombine.com/ws/v2.0/types/facilities/park/
Personal Residence,facilities,4:1,https://www.swcombine.com/ws/v2.0/types/facilities/personal%20residence/
SAM Launcher,facilities,4:68,https://www.swcombine.com/ws/v2.0/types/facilities/sam%20launcher/
Silo,facilities,4:61,https://www.swcombine.com/ws/v2.0/types/facilities/silo/
Statue,facilities,4:12,https://www.swcombine.com/ws/v2.0/types/facilities/statue/
Trench,facilities,4:17,https://www.swcombine.com/ws/v2.0/types/facilities/trench/
Wall,facilities,4:16,https://www.swcombine.com/ws/v2.0/types/facilities/4%3A16/
Bank,facilities,4:64,https://www.swcombine.com/ws/v2.0/types/facilities/bank/
Commerce Centre,facilities,4:88,https://www.swcombine.com/ws/v2.0/types/facilities/commerce%20centre/
Garage,facilities,4:70,https://www.swcombine.com/ws/v2.0/types/facilities/garage/
Hotel,facilities,4:3,https://www.swcombine.com/ws/v2.0/types/facilities/hotel/
Office,facilities,4:2,https://www.swcombine.com/ws/v2.0/types/facilities/office/
Power Generator,facilities,4:20,https://www.swcombine.com/ws/v2.0/types/facilities/power%20generator/
Slave Market,facilities,4:50,https://www.swcombine.com/ws/v2.0/types/facilities/slave%20market/
Tavern,facilities,4:4,https://www.swcombine.com/ws/v2.0/types/facilities/tavern/
Dry Dock,facilities,4:71,https://www.swcombine.com/ws/v2.0/types/facilities/dry%20dock/
Wall,facilities,4:85,https://www.swcombine.com/ws/v2.0/types/facilities/4%3A85/
B`omarr monastery,facilities,4:89,https://www.swcombine.com/ws/v2.0/types/facilities/b%60omarr%20monastery/
Crystal Caves,facilities,4:105,https://www.swcombine.com/ws/v2.0/types/facilities/crystal%20caves/
Imperial Palace,facilities,4:43,https://www.swcombine.com/ws/v2.0/types/facilities/imperial%20palace/
Jedi Praxeum,facilities,4:55,https://www.swcombine.com/ws/v2.0/types/facilities/jedi%20praxeum/
Sith Temple,facilities,4:54,https://www.swcombine.com/ws/v2.0/types/facilities/sith%20temple/
Wildlife Preserve,facilities,4:91,https://www.swcombine.com/ws/v2.0/types/facilities/wildlife%20preserve/
Casino,facilities,4:80,https://www.swcombine.com/ws/v2.0/types/facilities/casino/
Church,facilities,4:24,https://www.swcombine.com/ws/v2.0/types/facilities/church/
Civic Centre,facilities,4:23,https://www.swcombine.com/ws/v2.0/types/facilities/civic%20centre/
Council Flats,facilities,4:82,https://www.swcombine.com/ws/v2.0/types/facilities/council%20flats/
KDY v-150 Planet Defender,facilities,4:25,https://www.swcombine.com/ws/v2.0/types/facilities/kdy%20v-150%20planet%20defender/
LNR I Series Turbo Laser Cannon,facilities,4:26,https://www.swcombine.com/ws/v2.0/types/facilities/lnr%20i%20series%20turbo%20laser%20cannon/
LNR II Series Turbo Laser Cannon,facilities,4:27,https://www.swcombine.com/ws/v2.0/types/facilities/lnr%20ii%20series%20turbo%20laser%20cannon/
Library,facilities,4:21,https://www.swcombine.com/ws/v2.0/types/facilities/library/
Museum,facilities,4:22,https://www.swcombine.com/ws/v2.0/types/facilities/museum/
Semi-detached House,facilities,4:5,https://www.swcombine.com/ws/v2.0/types/facilities/semi-detached%20house/
Shield Generator,facilities,4:28,https://www.swcombine.com/ws/v2.0/types/facilities/shield%20generator/
Shop,facilities,4:84,https://www.swcombine.com/ws/v2.0/types/facilities/shop/
Warehouse,facilities,4:6,https://www.swcombine.com/ws/v2.0/types/facilities/warehouse/
Workers Compound,facilities,4:81,https://www.swcombine.com/ws/v2.0/types/facilities/workers%20compound/
Barracks,facilities,4:31,https://www.swcombine.com/ws/v2.0/types/facilities/barracks/
Crew Quarters,facilities,4:83,https://www.swcombine.com/ws/v2.0/types/facilities/crew%20quarters/
Hangar,facilities,4:29,https://www.swcombine.com/ws/v2.0/types/facilities/hangar/
Landing Pad,facilities,4:30,https://www.swcombine.com/ws/v2.0/types/facilities/landing%20pad/
Stadium,facilities,4:96,https://www.swcombine.com/ws/v2.0/types/facilities/stadium/
Starport,facilities,4:78,https://www.swcombine.com/ws/v2.0/types/facilities/starport/
Alazhi Farm,facilities,4:65,https://www.swcombine.com/ws/v2.0/types/facilities/alazhi%20farm/
Asylum,facilities,4:57,https://www.swcombine.com/ws/v2.0/types/facilities/asylum/
Chemical Processing Facility,facilities,4:79,https://www.swcombine.com/ws/v2.0/types/facilities/chemical%20processing%20facility/
Computer Control Centre,facilities,4:75,https://www.swcombine.com/ws/v2.0/types/facilities/computer%20control%20centre/
Factory,facilities,4:34,https://www.swcombine.com/ws/v2.0/types/facilities/factory/
High Rise Building 10 flats,facilities,4:37,https://www.swcombine.com/ws/v2.0/types/facilities/high%20rise%20building%2010%20flats/
High Rise Building 20 flats,facilities,4:38,https://www.swcombine.com/ws/v2.0/types/facilities/high%20rise%20building%2020%20flats/
High Rise Building 30 flats,facilities,4:39,https://www.swcombine.com/ws/v2.0/types/facilities/high%20rise%20building%2030%20flats/
High Rise Building 40 flats,facilities,4:40,https://www.swcombine.com/ws/v2.0/types/facilities/high%20rise%20building%2040%20flats/
High Rise Building 50 flats,facilities,4:44,https://www.swcombine.com/ws/v2.0/types/facilities/high%20rise%20building%2050%20flats/
Hospital,facilities,4:33,https://www.swcombine.com/ws/v2.0/types/facilities/hospital/
Lab,facilities,4:90,https://www.swcombine.com/ws/v2.0/types/facilities/lab/
Mine,facilities,4:36,https://www.swcombine.com/ws/v2.0/types/facilities/mine/
Naval Shipyard,facilities,4:73,https://www.swcombine.com/ws/v2.0/types/facilities/naval%20shipyard/
Port,facilities,4:74,https://www.swcombine.com/ws/v2.0/types/facilities/port/
Prison,facilities,4:35,https://www.swcombine.com/ws/v2.0/types/facilities/prison/
Ranch,facilities,4:93,https://www.swcombine.com/ws/v2.0/types/facilities/ranch/
Recycling Plant,facilities,4:52,https://www.swcombine.com/ws/v2.0/types/facilities/recycling%20plant/
Temple,facilities,4:41,https://www.swcombine.com/ws/v2.0/types/facilities/temple/
Training Academy,facilities,4:32,https://www.swcombine.com/ws/v2.0/types/facilities/training%20academy/
Holonet Communication Centre,facilities,4:62,https://www.swcombine.com/ws/v2.0/types/facilities/holonet%20communication%20centre/
Bacta Refinement Facility,facilities,4:66,https://www.swcombine.com/ws/v2.0/types/facilities/bacta%20refinement%20facility/
Cathedral,facilities,4:76,https://www.swcombine.com/ws/v2.0/types/facilities/cathedral/
Command Centre,facilities,4:59,https://www.swcombine.com/ws/v2.0/types/facilities/command%20centre/
Conference Centre,facilities,4:58,https://www.swcombine.com/ws/v2.0/types/facilities/conference%20centre/
Government House,facilities,4:60,https://www.swcombine.com/ws/v2.0/types/facilities/government%20house/
Labour Camp,facilities,4:51,https://www.swcombine.com/ws/v2.0/types/facilities/labour%20camp/
Palace,facilities,4:7,https://www.swcombine.com/ws/v2.0/types/facilities/palace/
Shield Projector,facilities,4:42,https://www.swcombine.com/ws/v2.0/types/facilities/shield%20projector/
Skyscraper 100 flats,facilities,4:49,https://www.swcombine.com/ws/v2.0/types/facilities/skyscraper%20100%20flats/
Skyscraper 60 flats,facilities,4:45,https://www.swcombine.com/ws/v2.0/types/facilities/skyscraper%2060%20flats/
Skyscraper 70 flats,facilities,4:46,https://www.swcombine.com/ws/v2.0/types/facilities/skyscraper%2070%20flats/
Skyscraper 80 flats,facilities,4:47,https://www.swcombine.com/ws/v2.0/types/facilities/skyscraper%2080%20flats/
Skyscraper 90 flats,facilities,4:48,https://www.swcombine.com/ws/v2.0/types/facilities/skyscraper%2090%20flats/
Zoo,facilities,4:92,https://www.swcombine.com/ws/v2.0/types/facilities/zoo/
Large Palace,facilities,4:106,https://www.swcombine.com/ws/v2.0/types/facilities/large%20palace/
Research Centre,facilities,4:77,https://www.swcombine.com/ws/v2.0/types/facilities/research%20centre/
Cargo Canister,ships,2:175,https://www.swcombine.com/ws/v2.0/types/ships/cargo%20canister/
Class-A Cargo Container,ships,2:172,https://www.swcombine.com/ws/v2.0/types/ships/class-a%20cargo%20container/
Class-A Cargo Container Mk II,ships,2:254,https://www.swcombine.com/ws/v2.0/types/ships/class-a%20cargo%20container%20mk%20ii/
Class-C Cargo Container,ships,2:176,https://www.swcombine.com/ws/v2.0/types/ships/class-c%20cargo%20container/
Class-E Cargo Container,ships,2:179,https://www.swcombine.com/ws/v2.0/types/ships/class-e%20cargo%20container/
Class-I Cargo Container,ships,2:177,https://www.swcombine.com/ws/v2.0/types/ships/class-i%20cargo%20container/
Class-J Cargo Container,ships,2:178,https://www.swcombine.com/ws/v2.0/types/ships/class-j%20cargo%20container/
Escape Pod,ships,2:62,https://www.swcombine.com/ws/v2.0/types/ships/escape%20pod/
Sysat T-20,ships,2:84,https://www.swcombine.com/ws/v2.0/types/ships/sysat%20t-20/
Sysat T-24,ships,2:85,https://www.swcombine.com/ws/v2.0/types/ships/sysat%20t-24/
A-24 Sleuth,ships,2:136,https://www.swcombine.com/ws/v2.0/types/ships/a-24%20sleuth/
A/SF-01 B-wing Starfighter,ships,2:28,https://www.swcombine.com/ws/v2.0/types/ships/a%252Fsf-01%20b-wing%20starfighter/
ARC-170 Aggressive Recon Fighter,ships,2:118,https://www.swcombine.com/ws/v2.0/types/ships/arc-170%20aggressive%20recon%20fighter/
Alpha-3 Nimbus-class V-wing Starfighter,ships,2:126,https://www.swcombine.com/ws/v2.0/types/ships/alpha-3%20nimbus-class%20v-wing%20starfighter/
Alpha-class Xg-1 Star Wing,ships,2:18,https://www.swcombine.com/ws/v2.0/types/ships/alpha-class%20xg-1%20star%20wing/
Aurek-class Tactical Strikefighter,ships,2:168,https://www.swcombine.com/ws/v2.0/types/ships/aurek-class%20tactical%20strikefighter/
BTL-A4 Y-wing Longprobe,ships,2:111,https://www.swcombine.com/ws/v2.0/types/ships/btl-a4%20y-wing%20longprobe/
BTL-S3 Y-wing Starfighter,ships,2:27,https://www.swcombine.com/ws/v2.0/types/ships/btl-s3%20y-wing%20starfighter/
Belbullab-22 Starfighter,ships,2:122,https://www.swcombine.com/ws/v2.0/types/ships/belbullab-22%20starfighter/
C-wing Ugly,ships,2:159,https://www.swcombine.com/ws/v2.0/types/ships/c-wing%20ugly/
Chir'daki-class Starfighter,ships,2:170,https://www.swcombine.com/ws/v2.0/types/ships/chir%27daki-class%20starfighter/
Cloakshape Fighter,ships,2:81,https://www.swcombine.com/ws/v2.0/types/ships/cloakshape%20fighter/
Cloakshape/H Fighter,ships,2:106,https://www.swcombine.com/ws/v2.0/types/ships/cloakshape%252Fh%20fighter/
Delta-12 Skysprite-class Starfighter,ships,2:169,https://www.swcombine.com/ws/v2.0/types/ships/delta-12%20skysprite-class%20starfighter/
Delta-7 Aethersprite-class Interceptor,ships,2:73,https://www.swcombine.com/ws/v2.0/types/ships/delta-7%20aethersprite-class%20interceptor/
Droid Tri-Fighter,ships,2:119,https://www.swcombine.com/ws/v2.0/types/ships/droid%20tri-fighter/
Einstar APOSTRO-9,ships,2:231,https://www.swcombine.com/ws/v2.0/types/ships/einstar%20apostro-9/
Eta-2 Actis-class Light Interceptor,ships,2:140,https://www.swcombine.com/ws/v2.0/types/ships/eta-2%20actis-class%20light%20interceptor/
Eta-5 Interceptor,ships,2:216,https://www.swcombine.com/ws/v2.0/types/ships/eta-5%20interceptor/
Fang-class Starfighter,ships,2:282,https://www.swcombine.com/ws/v2.0/types/ships/fang-class%20starfighter/
G-1A Starfighter,ships,2:35,https://www.swcombine.com/ws/v2.0/types/ships/g-1a%20starfighter/
G-400 Starfighter,ships,2:200,https://www.swcombine.com/ws/v2.0/types/ships/g-400%20starfighter/
Ginivex-class Starfighter,ships,2:147,https://www.swcombine.com/ws/v2.0/types/ships/ginivex-class%20starfighter/
HH-87 Starhopper,ships,2:188,https://www.swcombine.com/ws/v2.0/types/ships/hh-87%20starhopper/
Hetrinar Assault Bomber,ships,2:82,https://www.swcombine.com/ws/v2.0/types/ships/hetrinar%20assault%20bomber/
I-BEAM Starfighter,ships,2:160,https://www.swcombine.com/ws/v2.0/types/ships/i-beam%20starfighter/
IRD Starfighter,ships,2:199,https://www.swcombine.com/ws/v2.0/types/ships/ird%20starfighter/
Liberator-class Starfighter,ships,2:268,https://www.swcombine.com/ws/v2.0/types/ships/liberator-class%20starfighter/
Mankvim-814 Light Interceptor,ships,2:116,https://www.swcombine.com/ws/v2.0/types/ships/mankvim-814%20light%20interceptor/
Miy`Til-class Starfighter,ships,2:50,https://www.swcombine.com/ws/v2.0/types/ships/miy%60til-class%20starfighter/
N-1 Starfighter,ships,2:57,https://www.swcombine.com/ws/v2.0/types/ships/n-1%20starfighter/
Pinook-class Starfighter,ships,2:104,https://www.swcombine.com/ws/v2.0/types/ships/pinook-class%20starfighter/
R-41 Starchaser,ships,2:24,https://www.swcombine.com/ws/v2.0/types/ships/r-41%20starchaser/
RZ-1 A-wing Interceptor,ships,2:19,https://www.swcombine.com/ws/v2.0/types/ships/rz-1%20a-wing%20interceptor/
Raptor-Wasp Starfighter,ships,2:232,https://www.swcombine.com/ws/v2.0/types/ships/raptor-wasp%20starfighter/
Razor-class Starfighter,ships,2:135,https://www.swcombine.com/ws/v2.0/types/ships/razor-class%20starfighter/
S-250 Chela-class Starfighter,ships,2:201,https://www.swcombine.com/ws/v2.0/types/ships/s-250%20chela-class%20starfighter/
Sabaoth Defender,ships,2:102,https://www.swcombine.com/ws/v2.0/types/ships/sabaoth%20defender/
Scarab-class Droid Starfighter,ships,2:87,https://www.swcombine.com/ws/v2.0/types/ships/scarab-class%20droid%20starfighter/
Sith Starfighter,ships,2:189,https://www.swcombine.com/ws/v2.0/types/ships/sith%20starfighter/
Spirit-Class MSA1,ships,2:233,https://www.swcombine.com/ws/v2.0/types/ships/spirit-class%20msa1/
Star Saber XC-01 Starfighter MkI,ships,2:94,https://www.swcombine.com/ws/v2.0/types/ships/star%20saber%20xc-01%20starfighter%20mki/
Star Saber XC-01 Starfighter MkII,ships,2:95,https://www.swcombine.com/ws/v2.0/types/ships/star%20saber%20xc-01%20starfighter%20mkii/
T-65 X-wing Starfighter,ships,2:26,https://www.swcombine.com/ws/v2.0/types/ships/t-65%20x-wing%20starfighter/
T-wing Interceptor,ships,2:101,https://www.swcombine.com/ws/v2.0/types/ships/t-wing%20interceptor/
TIE-wing Ugly,ships,2:47,https://www.swcombine.com/ws/v2.0/types/ships/tie-wing%20ugly/
TIE/in Interceptor,ships,2:16,https://www.swcombine.com/ws/v2.0/types/ships/tie%252Fin%20interceptor/
TIE/ln Starfighter,ships,2:14,https://www.swcombine.com/ws/v2.0/types/ships/tie%252Fln%20starfighter/
TIE/sa Bomber,ships,2:15,https://www.swcombine.com/ws/v2.0/types/ships/tie%252Fsa%20bomber/
TIE/sr Starfighter,ships,2:17,https://www.swcombine.com/ws/v2.0/types/ships/tie%252Fsr%20starfighter/
Toscan 8-Q Starfighter,ships,2:123,https://www.swcombine.com/ws/v2.0/types/ships/toscan%208-q%20starfighter/
V-19 Torrent Starfighter,ships,2:217,https://www.swcombine.com/ws/v2.0/types/ships/v-19%20torrent%20starfighter/
VCX-Series Auxiliary Fighter,ships,2:246,https://www.swcombine.com/ws/v2.0/types/ships/vcx-series%20auxiliary%20fighter/
Viper-class Starfighter,ships,2:44,https://www.swcombine.com/ws/v2.0/types/ships/viper-class%20starfighter/
Vulture-class Droid Starfighter,ships,2:262,https://www.swcombine.com/ws/v2.0/types/ships/vulture-class%20droid%20starfighter/
X-ceptor Ugly,ships,2:46,https://www.swcombine.com/ws/v2.0/types/ships/x-ceptor%20ugly/
Y-TIE Ugly,ships,2:29,https://www.swcombine.com/ws/v2.0/types/ships/y-tie%20ugly/
Z-95 Headhunter,ships,2:25,https://www.swcombine.com/ws/v2.0/types/ships/z-95%20headhunter/
Zenuas 33,ships,2:267,https://www.swcombine.com/ws/v2.0/types/ships/zenuas%2033/
Zero-G Spacetrooper Armor Mark I,ships,2:51,https://www.swcombine.com/ws/v2.0/types/ships/zero-g%20spacetrooper%20armor%20mark%20i/
Aggressor Assault Fighter,ships,2:37,https://www.swcombine.com/ws/v2.0/types/ships/aggressor%20assault%20fighter/
Auzituck Anti-Slaver Gunship,ships,2:281,https://www.swcombine.com/ws/v2.0/types/ships/auzituck%20anti-slaver%20gunship/
D5-Mantis Patrol Craft,ships,2:218,https://www.swcombine.com/ws/v2.0/types/ships/d5-mantis%20patrol%20craft/
Firespray-class Interceptor,ships,2:32,https://www.swcombine.com/ws/v2.0/types/ships/firespray-class%20interceptor/
Flarestar-class Attack Shuttle,ships,2:252,https://www.swcombine.com/ws/v2.0/types/ships/flarestar-class%20attack%20shuttle/
GAT-12h Skipray Blastboat,ships,2:100,https://www.swcombine.com/ws/v2.0/types/ships/gat-12h%20skipray%20blastboat/
JumpMaster 5000,ships,2:36,https://www.swcombine.com/ws/v2.0/types/ships/jumpmaster%205000/
Pelagia Duplex Command Assault Gunship,ships,2:197,https://www.swcombine.com/ws/v2.0/types/ships/pelagia%20duplex%20command%20assault%20gunship/
Pursuer-class Enforcement Ship,ships,2:114,https://www.swcombine.com/ws/v2.0/types/ships/pursuer-class%20enforcement%20ship/
S40K Phoenix Hawk-class Light Pinnace,ships,2:157,https://www.swcombine.com/ws/v2.0/types/ships/s40k%20phoenix%20hawk-class%20light%20pinnace/
ST-70 “Razor Crest” Assault Ship,ships,2:275,https://www.swcombine.com/ws/v2.0/types/ships/st-70%20%E2%80%9Crazor%20crest%E2%80%9D%20assault%20ship/
Scurrg H-6 Bomber,ships,2:115,https://www.swcombine.com/ws/v2.0/types/ships/scurrg%20h-6%20bomber/
Tri-Mark VII Interceptor,ships,2:186,https://www.swcombine.com/ws/v2.0/types/ships/tri-mark%20vii%20interceptor/
UT-60D U-Wing Support Craft,ships,2:257,https://www.swcombine.com/ws/v2.0/types/ships/ut-60d%20u-wing%20support%20craft/
578-R Space Transport,ships,2:194,https://www.swcombine.com/ws/v2.0/types/ships/578-r%20space%20transport/
ATR-6 Assault Transport,ships,2:110,https://www.swcombine.com/ws/v2.0/types/ships/atr-6%20assault%20transport/
Atlas-class Troop Transport Shuttle,ships,2:99,https://www.swcombine.com/ws/v2.0/types/ships/atlas-class%20troop%20transport%20shuttle/
BR-23 Courier,ships,2:146,https://www.swcombine.com/ws/v2.0/types/ships/br-23%20courier/
Barloz-class Freighter,ships,2:63,https://www.swcombine.com/ws/v2.0/types/ships/barloz-class%20freighter/
Baudo-class Star Yacht,ships,2:145,https://www.swcombine.com/ws/v2.0/types/ships/baudo-class%20star%20yacht/
Class 720 Freighter,ships,2:198,https://www.swcombine.com/ws/v2.0/types/ships/class%20720%20freighter/
Crescent-X9,ships,2:219,https://www.swcombine.com/ws/v2.0/types/ships/crescent-x9/
DX-9 Dropship,ships,2:21,https://www.swcombine.com/ws/v2.0/types/ships/dx-9%20dropship/
Decadence-Class Pleasure Yacht,ships,2:234,https://www.swcombine.com/ws/v2.0/types/ships/decadence-class%20pleasure%20yacht%20/
Delta-class JV-7 Escort Shuttle,ships,2:23,https://www.swcombine.com/ws/v2.0/types/ships/delta-class%20jv-7%20escort%20shuttle/
Dynamic-class Freighter,ships,2:166,https://www.swcombine.com/ws/v2.0/types/ships/dynamic-class%20freighter/
Eta-class Shuttle,ships,2:165,https://www.swcombine.com/ws/v2.0/types/ships/eta-class%20shuttle/
G-type Light Shuttle,ships,2:220,https://www.swcombine.com/ws/v2.0/types/ships/g-type%20light%20shuttle/
Gale-class StarStage Light Freighter,ships,2:288,https://www.swcombine.com/ws/v2.0/types/ships/gale-class%20starstage%20light%20freighter/
Gamma Assault Shuttle,ships,2:52,https://www.swcombine.com/ws/v2.0/types/ships/gamma%20assault%20shuttle/
H-2 Executive Shuttle,ships,2:269,https://www.swcombine.com/ws/v2.0/types/ships/h-2%20executive%20shuttle/
H-type Yacht,ships,2:60,https://www.swcombine.com/ws/v2.0/types/ships/h-type%20yacht/
HT-2200 Medium Freighter,ships,2:280,https://www.swcombine.com/ws/v2.0/types/ships/ht-2200%20medium%20freighter/
HWK-290 Light Freighter,ships,2:158,https://www.swcombine.com/ws/v2.0/types/ships/hwk-290%20light%20freighter/
Herald-class Shuttle,ships,2:195,https://www.swcombine.com/ws/v2.0/types/ships/herald-class%20shuttle/
Horizon-class Star Yacht,ships,2:183,https://www.swcombine.com/ws/v2.0/types/ships/horizon-class%20star%20yacht/
Infiltrator-class Star Courier,ships,2:83,https://www.swcombine.com/ws/v2.0/types/ships/infiltrator-class%20star%20courier/
J-type 322 Starship,ships,2:59,https://www.swcombine.com/ws/v2.0/types/ships/j-type%20322%20starship/
J-type 327 Starship,ships,2:58,https://www.swcombine.com/ws/v2.0/types/ships/j-type%20327%20starship/
Kom'rk-class Transport,ships,2:187,https://www.swcombine.com/ws/v2.0/types/ships/kom%27rk-class%20transport/
Lambda-class T-4a Shuttle,ships,2:20,https://www.swcombine.com/ws/v2.0/types/ships/lambda-class%20t-4a%20shuttle/
Lethisk-class Armed Freighter,ships,2:251,https://www.swcombine.com/ws/v2.0/types/ships/lethisk-class%20armed%20freighter/
Ministry-class Orbital Shuttle,ships,2:250,https://www.swcombine.com/ws/v2.0/types/ships/ministry-class%20orbital%20shuttle/
Minstrel-class Space Yacht,ships,2:130,https://www.swcombine.com/ws/v2.0/types/ships/minstrel-class%20space%20yacht/
Muurian Transport,ships,2:69,https://www.swcombine.com/ws/v2.0/types/ships/muurian%20transport/
Naboo Star Skiff,ships,2:129,https://www.swcombine.com/ws/v2.0/types/ships/naboo%20star%20skiff/
Nu-class Attack Shuttle,ships,2:167,https://www.swcombine.com/ws/v2.0/types/ships/nu-class%20attack%20shuttle/
Personal Luxury Yacht 3000,ships,2:49,https://www.swcombine.com/ws/v2.0/types/ships/personal%20luxury%20yacht%203000/
Personal Luxury Yacht 5000,ships,2:143,https://www.swcombine.com/ws/v2.0/types/ships/personal%20luxury%20yacht%205000/
RZ-68 Troop Transport,ships,2:235,https://www.swcombine.com/ws/v2.0/types/ships/rz-68%20troop%20transport/
Rainhawk Transport,ships,2:270,https://www.swcombine.com/ws/v2.0/types/ships/rainhawk%20transport/
Rho-class Shuttle,ships,2:144,https://www.swcombine.com/ws/v2.0/types/ships/rho-class%20shuttle/
Sentinel-class Landing Craft,ships,2:109,https://www.swcombine.com/ws/v2.0/types/ships/sentinel-class%20landing%20craft/
Sheathipede-class Transport Shuttle,ships,2:98,https://www.swcombine.com/ws/v2.0/types/ships/sheathipede-class%20transport%20shuttle/
Simiyiar-class Light Freighter,ships,2:171,https://www.swcombine.com/ws/v2.0/types/ships/simiyiar-class%20light%20freighter/
Spacelane Diner,ships,2:238,https://www.swcombine.com/ws/v2.0/types/ships/spacelane%20diner/
Sprint-class Rescue Craft,ships,2:148,https://www.swcombine.com/ws/v2.0/types/ships/sprint-class%20rescue%20craft/
StarSpeeder 3000,ships,2:138,https://www.swcombine.com/ws/v2.0/types/ships/starspeeder%203000/
Starlight-class Light Freighter,ships,2:154,https://www.swcombine.com/ws/v2.0/types/ships/starlight-class%20light%20freighter/
Starrunner-class Starship,ships,2:223,https://www.swcombine.com/ws/v2.0/types/ships/starrunner-class%20starship/
Starwind-class Pleasure Yacht,ships,2:131,https://www.swcombine.com/ws/v2.0/types/ships/starwind-class%20pleasure%20yacht%20/
T-6 Shuttle,ships,2:271,https://www.swcombine.com/ws/v2.0/types/ships/t-6%20shuttle/
Theta-class T-2c Shuttle,ships,2:128,https://www.swcombine.com/ws/v2.0/types/ships/theta-class%20t-2c%20shuttle/
VCX-100 Light Freighter,ships,2:242,https://www.swcombine.com/ws/v2.0/types/ships/vcx-100%20light%20freighter/
Wayfarer-class Medium Transport,ships,2:222,https://www.swcombine.com/ws/v2.0/types/ships/wayfarer-class%20medium%20transport/
XS-800 Light Freighter,ships,2:221,https://www.swcombine.com/ws/v2.0/types/ships/xs-800%20light%20freighter/
YG-4210,ships,2:64,https://www.swcombine.com/ws/v2.0/types/ships/yg-4210/
YT-1210,ships,2:124,https://www.swcombine.com/ws/v2.0/types/ships/yt-1210/
YT-1300,ships,2:33,https://www.swcombine.com/ws/v2.0/types/ships/yt-1300/
YT-1760,ships,2:139,https://www.swcombine.com/ws/v2.0/types/ships/yt-1760/
YT-2000,ships,2:65,https://www.swcombine.com/ws/v2.0/types/ships/yt-2000/
YT-2400,ships,2:34,https://www.swcombine.com/ws/v2.0/types/ships/yt-2400/
YT-510,ships,2:43,https://www.swcombine.com/ws/v2.0/types/ships/yt-510/
YV-929,ships,2:224,https://www.swcombine.com/ws/v2.0/types/ships/yv-929/
Zeta-class Long-Range Shuttle,ships,2:96,https://www.swcombine.com/ws/v2.0/types/ships/zeta-class%20long-range%20shuttle/
AA-9 Coruscant Freighter,ships,2:72,https://www.swcombine.com/ws/v2.0/types/ships/aa-9%20coruscant%20freighter/
Action VI Transport,ships,2:71,https://www.swcombine.com/ws/v2.0/types/ships/action%20vi%20transport/
BFF-1 Bulk Freighter,ships,2:30,https://www.swcombine.com/ws/v2.0/types/ships/bff-1%20bulk%20freighter/
Brayl-class Bulk Freighter,ships,2:214,https://www.swcombine.com/ws/v2.0/types/ships/brayl-class%20bulk%20freighter/
CR-20 Troop Carrier,ships,2:155,https://www.swcombine.com/ws/v2.0/types/ships/cr-20%20troop%20carrier/
CSS-1 Corellian Star Shuttle,ships,2:184,https://www.swcombine.com/ws/v2.0/types/ships/css-1%20corellian%20star%20shuttle/
Class VI Bulk Freighter,ships,2:156,https://www.swcombine.com/ws/v2.0/types/ships/class%20vi%20bulk%20freighter/
Empress-class Super Freighter,ships,2:225,https://www.swcombine.com/ws/v2.0/types/ships/empress-class%20super%20freighter/
GR-75 Medium Transport,ships,2:31,https://www.swcombine.com/ws/v2.0/types/ships/gr-75%20medium%20transport/
GRZ-6B Wrecker,ships,2:120,https://www.swcombine.com/ws/v2.0/types/ships/grz-6b%20wrecker/
Goji-DF Turtle Tanker,ships,2:258,https://www.swcombine.com/ws/v2.0/types/ships/goji-df%20turtle%20tanker/
HCT-2001 Dragonboat-class Freighter,ships,2:196,https://www.swcombine.com/ws/v2.0/types/ships/hct-2001%20dragonboat-class%20freighter/
Hardcell-class Transport,ships,2:117,https://www.swcombine.com/ws/v2.0/types/ships/hardcell-class%20transport/
Ithullan Ore Hauler,ships,2:279,https://www.swcombine.com/ws/v2.0/types/ships/ithullan%20ore%20hauler/
KRS-1 Ore Hauler,ships,2:243,https://www.swcombine.com/ws/v2.0/types/ships/krs-1%20ore%20hauler/
Mammoth-class Heavy Hauler,ships,2:77,https://www.swcombine.com/ws/v2.0/types/ships/mammoth-class%20heavy%20hauler/
Mobquet Medium Transport,ships,2:42,https://www.swcombine.com/ws/v2.0/types/ships/mobquet%20medium%20transport/
Modular Conveyor,ships,2:41,https://www.swcombine.com/ws/v2.0/types/ships/modular%20conveyor/
Space Master Medium Transport,ships,2:185,https://www.swcombine.com/ws/v2.0/types/ships/space%20master%20medium%20transport/
Spacecrawler,ships,2:261,https://www.swcombine.com/ws/v2.0/types/ships/spacecrawler/
Theta-class AT-AT Barge,ships,2:103,https://www.swcombine.com/ws/v2.0/types/ships/theta-class%20at-at%20barge/
W-23 Star Hauler,ships,2:133,https://www.swcombine.com/ws/v2.0/types/ships/w-23%20star%20hauler/
Xanadu-class Superyacht,ships,2:236,https://www.swcombine.com/ws/v2.0/types/ships/xanadu-class%20superyacht/
Xiytiar-class Transport,ships,2:132,https://www.swcombine.com/ws/v2.0/types/ships/xiytiar-class%20transport/
Y-8 Mining Vessel,ships,2:244,https://www.swcombine.com/ws/v2.0/types/ships/y-8%20mining%20vessel/
Adz-class Patrol Destroyer,ships,2:182,https://www.swcombine.com/ws/v2.0/types/ships/adz-class%20patrol%20destroyer/
Bayonet-class Light Cruiser,ships,2:125,https://www.swcombine.com/ws/v2.0/types/ships/bayonet-class%20light%20cruiser/
Braha'tok-class Gunship,ships,2:121,https://www.swcombine.com/ws/v2.0/types/ships/braha%27tok-class%20gunship/
CR-70 Corvette,ships,2:153,https://www.swcombine.com/ws/v2.0/types/ships/cr-70%20corvette/
CR-90 Assassin-class Corvette,ships,2:108,https://www.swcombine.com/ws/v2.0/types/ships/cr-90%20assassin-class%20corvette/
CR-90 Corvette,ships,2:7,https://www.swcombine.com/ws/v2.0/types/ships/cr-90%20corvette/
CR-92 Battle Corvette,ships,2:112,https://www.swcombine.com/ws/v2.0/types/ships/cr-92%20battle%20corvette/
Consular-class Cruiser,ships,2:66,https://www.swcombine.com/ws/v2.0/types/ships/consular-class%20cruiser/
Crusader-class Corvette,ships,2:227,https://www.swcombine.com/ws/v2.0/types/ships/crusader-class%20corvette/
DP-20a Gunship,ships,2:79,https://www.swcombine.com/ws/v2.0/types/ships/dp-20a%20gunship/
DP-20b Gunship,ships,2:86,https://www.swcombine.com/ws/v2.0/types/ships/dp-20b%20gunship/
DP-20c Gunship,ships,2:105,https://www.swcombine.com/ws/v2.0/types/ships/dp-20c%20gunship/
Defender-class Light Corvette,ships,2:249,https://www.swcombine.com/ws/v2.0/types/ships/defender-class%20light%20corvette/
Discril-class Attack Cruiser,ships,2:226,https://www.swcombine.com/ws/v2.0/types/ships/discril-class%20attack%20cruiser/
Fairwind-class Gunship,ships,2:173,https://www.swcombine.com/ws/v2.0/types/ships/fairwind-class%20gunship/
Foray-class Blockade Runner,ships,2:191,https://www.swcombine.com/ws/v2.0/types/ships/foray-class%20blockade%20runner/
Fury-class Imperial Interceptor,ships,2:278,https://www.swcombine.com/ws/v2.0/types/ships/fury-class%20imperial%20interceptor/
Gozanti-class Cruiser,ships,2:141,https://www.swcombine.com/ws/v2.0/types/ships/gozanti-class%20cruiser/
IPV-1 System Patrol Craft,ships,2:93,https://www.swcombine.com/ws/v2.0/types/ships/ipv-1%20system%20patrol%20craft/
KR-4B Luxury Star Cruiser,ships,2:240,https://www.swcombine.com/ws/v2.0/types/ships/kr-4b%20luxury%20star%20cruiser/
MC-30b Corvette,ships,2:260,https://www.swcombine.com/ws/v2.0/types/ships/mc-30b%20corvette/
Marauder-class Corvette,ships,2:5,https://www.swcombine.com/ws/v2.0/types/ships/marauder-class%20corvette/
PB-950 Patrol Boat,ships,2:272,https://www.swcombine.com/ws/v2.0/types/ships/pb-950%20patrol%20boat/
Raider-class Missile Corvette,ships,2:256,https://www.swcombine.com/ws/v2.0/types/ships/raider-class%20missile%20corvette/
Shieldship,ships,2:193,https://www.swcombine.com/ws/v2.0/types/ships/shieldship/
Sphyrna-class Corvette,ships,2:241,https://www.swcombine.com/ws/v2.0/types/ships/sphyrna-class%20corvette/
YV-666 Light Freighter,ships,2:38,https://www.swcombine.com/ws/v2.0/types/ships/yv-666%20light%20freighter/
Ardent-class Fast Frigate,ships,2:228,https://www.swcombine.com/ws/v2.0/types/ships/ardent-class%20fast%20frigate/
Arquitens-class Light Cruiser,ships,2:181,https://www.swcombine.com/ws/v2.0/types/ships/arquitens-class%20light%20cruiser/
Belarus-class Medium Carrier,ships,2:152,https://www.swcombine.com/ws/v2.0/types/ships/belarus-class%20medium%20carrier/
Belarus-class Medium Cruiser,ships,2:151,https://www.swcombine.com/ws/v2.0/types/ships/belarus-class%20medium%20cruiser/
C-9979 Landing Craft,ships,2:97,https://www.swcombine.com/ws/v2.0/types/ships/c-9979%20landing%20craft/
Carrack/I-class Light Cruiser,ships,2:107,https://www.swcombine.com/ws/v2.0/types/ships/carrack%252Fi-class%20light%20cruiser/
Carrack/S-class Light Cruiser,ships,2:3,https://www.swcombine.com/ws/v2.0/types/ships/carrack%252Fs-class%20light%20cruiser/
Corona-class Frigate,ships,2:215,https://www.swcombine.com/ws/v2.0/types/ships/corona-class%20frigate/
Crusader XX-777 Prototype Droid Frigate,ships,2:277,https://www.swcombine.com/ws/v2.0/types/ships/crusader%20xx-777%20prototype%20droid%20frigate/
EF65 Meridian-class Frigate,ships,2:229,https://www.swcombine.com/ws/v2.0/types/ships/ef65%20meridian-class%20frigate/
EF76 Nebulon-B Escort Frigate,ships,2:13,https://www.swcombine.com/ws/v2.0/types/ships/ef76%20nebulon-b%20escort%20frigate/
EF76 Nebulon-B Medical Frigate,ships,2:149,https://www.swcombine.com/ws/v2.0/types/ships/ef76%20nebulon-b%20medical%20frigate/
Guardian-class Medium Cruiser,ships,2:56,https://www.swcombine.com/ws/v2.0/types/ships/guardian-class%20medium%20cruiser/
Hammerhead-class Cruiser,ships,2:163,https://www.swcombine.com/ws/v2.0/types/ships/hammerhead-class%20cruiser/
Kaloth-class Battlecruiser,ships,2:137,https://www.swcombine.com/ws/v2.0/types/ships/kaloth-class%20battlecruiser/
Lancer-class Frigate,ships,2:4,https://www.swcombine.com/ws/v2.0/types/ships/lancer-class%20frigate/
Namana-class Light Cruiser,ships,2:142,https://www.swcombine.com/ws/v2.0/types/ships/namana-class%20light%20cruiser/
Neutron Star-class Bulk Cruiser,ships,2:12,https://www.swcombine.com/ws/v2.0/types/ships/neutron%20star-class%20bulk%20cruiser/
Nova-class Battlecruiser,ships,2:39,https://www.swcombine.com/ws/v2.0/types/ships/nova-class%20battlecruiser/
Pelta-class Frigate,ships,2:266,https://www.swcombine.com/ws/v2.0/types/ships/pelta-class%20frigate/
Quasar Fire-class Bulk Cruiser,ships,2:80,https://www.swcombine.com/ws/v2.0/types/ships/quasar%20fire-class%20bulk%20cruiser/
Sabaoth Destroyer,ships,2:89,https://www.swcombine.com/ws/v2.0/types/ships/sabaoth%20destroyer/
Star Galleon-class Frigate,ships,2:22,https://www.swcombine.com/ws/v2.0/types/ships/star%20galleon-class%20frigate/
Tartan-class Patrol Cruiser,ships,2:150,https://www.swcombine.com/ws/v2.0/types/ships/tartan-class%20patrol%20cruiser/
Ton-Falk-class Escort Carrier,ships,2:55,https://www.swcombine.com/ws/v2.0/types/ships/ton-falk-class%20escort%20carrier/
Acclamator-class Assault Ship,ships,2:91,https://www.swcombine.com/ws/v2.0/types/ships/acclamator-class%20assault%20ship/
Battle Dragon,ships,2:88,https://www.swcombine.com/ws/v2.0/types/ships/battle%20dragon/
C-3 Passenger Liner,ships,2:48,https://www.swcombine.com/ws/v2.0/types/ships/c-3%20passenger%20liner/
Colossal-class Heavy Carrier,ships,2:253,https://www.swcombine.com/ws/v2.0/types/ships/colossal-class%20heavy%20carrier/
Darkstar-class Battleship,ships,2:40,https://www.swcombine.com/ws/v2.0/types/ships/darkstar-class%20battleship/
Dreadnaught-class Heavy Cruiser,ships,2:6,https://www.swcombine.com/ws/v2.0/types/ships/dreadnaught-class%20heavy%20cruiser/
Imperial I-class Star Destroyer,ships,2:134,https://www.swcombine.com/ws/v2.0/types/ships/imperial%20i-class%20star%20destroyer/
Interdictor-class Heavy Cruiser,ships,2:61,https://www.swcombine.com/ws/v2.0/types/ships/interdictor-class%20heavy%20cruiser/
Ithorian Herdship,ships,2:70,https://www.swcombine.com/ws/v2.0/types/ships/ithorian%20herdship/
Kandosii-type Dreadnaught,ships,2:259,https://www.swcombine.com/ws/v2.0/types/ships/kandosii-type%20dreadnaught/
Lictor-class Dungeon Ship,ships,2:67,https://www.swcombine.com/ws/v2.0/types/ships/lictor-class%20dungeon%20ship/
Lucrehulk-class Battleship,ships,2:76,https://www.swcombine.com/ws/v2.0/types/ships/lucrehulk-class%20battleship/
M-class Luxury Liner,ships,2:164,https://www.swcombine.com/ws/v2.0/types/ships/m-class%20luxury%20liner/
MC-60 Star Cruiser,ships,2:10,https://www.swcombine.com/ws/v2.0/types/ships/mc-60%20star%20cruiser/
MC-80a Star Cruiser,ships,2:8,https://www.swcombine.com/ws/v2.0/types/ships/mc-80a%20star%20cruiser/
MC-80b Star Cruiser,ships,2:9,https://www.swcombine.com/ws/v2.0/types/ships/mc-80b%20star%20cruiser/
Modular Taskforce Cruiser,ships,2:75,https://www.swcombine.com/ws/v2.0/types/ships/modular%20taskforce%20cruiser/
Prometheus-class Star Craft,ships,2:237,https://www.swcombine.com/ws/v2.0/types/ships/prometheus-class%20star%20craft/
Pulsar Battle Cruiser,ships,2:78,https://www.swcombine.com/ws/v2.0/types/ships/pulsar%20battle%20cruiser/
Strike-class Medium Cruiser,ships,2:190,https://www.swcombine.com/ws/v2.0/types/ships/strike-class%20medium%20cruiser/
Subjugator-class Heavy Cruiser,ships,2:276,https://www.swcombine.com/ws/v2.0/types/ships/subjugator-class%20heavy%20cruiser/
Supremacy-class Attack Ship,ships,2:92,https://www.swcombine.com/ws/v2.0/types/ships/supremacy-class%20attack%20ship/
Valor-class Cruiser,ships,2:248,https://www.swcombine.com/ws/v2.0/types/ships/valor-class%20cruiser/
Veltraa-class Cruiser,ships,2:192,https://www.swcombine.com/ws/v2.0/types/ships/veltraa-class%20cruiser/
Venator-class Star Destroyer,ships,2:263,https://www.swcombine.com/ws/v2.0/types/ships/venator-class%20star%20destroyer/
Verpine-class Heavy Cruiser,ships,2:239,https://www.swcombine.com/ws/v2.0/types/ships/verpine-class%20heavy%20cruiser/
Victory I-class Star Destroyer,ships,2:1,https://www.swcombine.com/ws/v2.0/types/ships/victory%20i-class%20star%20destroyer/
Executor-class Star Destroyer,ships,2:2,https://www.swcombine.com/ws/v2.0/types/ships/executor-class%20star%20destroyer/
MC-80 Home One-class Star Cruiser,ships,2:11,https://www.swcombine.com/ws/v2.0/types/ships/mc-80%20home%20one-class%20star%20cruiser/
008 Heavy Landspeeder,vehicles,3:69,https://www.swcombine.com/ws/v2.0/types/vehicles/008%20heavy%20landspeeder/
105-K Lancer Bike,vehicles,3:73,https://www.swcombine.com/ws/v2.0/types/vehicles/105-k%20lancer%20bike/
64-Y Swift 3 Repulsorlift Sled,vehicles,3:67,https://www.swcombine.com/ws/v2.0/types/vehicles/64-y%20swift%203%20repulsorlift%20sled/
AST-5,vehicles,3:90,https://www.swcombine.com/ws/v2.0/types/vehicles/ast-5/
Air-2 Swoop,vehicles,3:29,https://www.swcombine.com/ws/v2.0/types/vehicles/air-2%20swoop/
BARC Speeder,vehicles,3:100,https://www.swcombine.com/ws/v2.0/types/vehicles/barc%20speeder/
BL-37 Zephyr,vehicles,3:113,https://www.swcombine.com/ws/v2.0/types/vehicles/bl-37%20zephyr/
Balta-Trabaat BT310,vehicles,3:55,https://www.swcombine.com/ws/v2.0/types/vehicles/balta-trabaat%20bt310/
Balutar-class swoop,vehicles,3:117,https://www.swcombine.com/ws/v2.0/types/vehicles/balutar-class%20swoop/
C-P Plug-F Mammoth Split-X,vehicles,3:58,https://www.swcombine.com/ws/v2.0/types/vehicles/c-p%20plug-f%20mammoth%20split-x/
CK-6 Swoop Bike,vehicles,3:112,https://www.swcombine.com/ws/v2.0/types/vehicles/ck-6%20swoop%20bike/
Cloud Car Airspeeder,vehicles,3:6,https://www.swcombine.com/ws/v2.0/types/vehicles/cloud%20car%20airspeeder/
Cloud Car Combatspeeder,vehicles,3:7,https://www.swcombine.com/ws/v2.0/types/vehicles/cloud%20car%20combatspeeder/
Collor Pondrat Plug-2 Behemoth,vehicles,3:57,https://www.swcombine.com/ws/v2.0/types/vehicles/collor%20pondrat%20plug-2%20behemoth/
Eddicus-class Planetary Shuttle,vehicles,3:102,https://www.swcombine.com/ws/v2.0/types/vehicles/eddicus-class%20planetary%20shuttle/
Elsinore-Cordova Turbodyne 99U,vehicles,3:48,https://www.swcombine.com/ws/v2.0/types/vehicles/elsinore-cordova%20turbodyne%2099u/
FC 20 Speeder Bike,vehicles,3:110,https://www.swcombine.com/ws/v2.0/types/vehicles/fc%2020%20speeder%20bike/
FG 8T8-Twin Block 2,vehicles,3:52,https://www.swcombine.com/ws/v2.0/types/vehicles/fg%208t8-twin%20block%202/
FK-7 Airspeeder,vehicles,3:60,https://www.swcombine.com/ws/v2.0/types/vehicles/fk-7%20airspeeder/
GPE-3130,vehicles,3:51,https://www.swcombine.com/ws/v2.0/types/vehicles/gpe-3130/
Hover Transport TC9,vehicles,3:104,https://www.swcombine.com/ws/v2.0/types/vehicles/hover%20transport%20tc9/
INT-4,vehicles,3:89,https://www.swcombine.com/ws/v2.0/types/vehicles/int-4/
IPG-X1131 Longtail,vehicles,3:54,https://www.swcombine.com/ws/v2.0/types/vehicles/ipg-x1131%20longtail/
ISP-6,vehicles,3:88,https://www.swcombine.com/ws/v2.0/types/vehicles/isp-6/
JAK Racing J930 Dash-8,vehicles,3:56,https://www.swcombine.com/ws/v2.0/types/vehicles/jak%20racing%20j930%20dash-8/
Jakku Speeder,vehicles,3:109,https://www.swcombine.com/ws/v2.0/types/vehicles/jakku%20speeder/
Joben T-85 Speeder,vehicles,3:120,https://www.swcombine.com/ws/v2.0/types/vehicles/joben%20t-85%20speeder/
KRT 410C,vehicles,3:91,https://www.swcombine.com/ws/v2.0/types/vehicles/krt%20410c/
KV9T9-B Wasp,vehicles,3:103,https://www.swcombine.com/ws/v2.0/types/vehicles/kv9t9-b%20wasp/
Kettrifee Air Mover,vehicles,3:83,https://www.swcombine.com/ws/v2.0/types/vehicles/kettrifee%20air%20mover/
Koro-2 Airspeeder,vehicles,3:62,https://www.swcombine.com/ws/v2.0/types/vehicles/koro-2%20airspeeder/
MARK IV Flat-Twin Turbojet,vehicles,3:78,https://www.swcombine.com/ws/v2.0/types/vehicles/mark%20iv%20flat-twin%20turbojet/
MSP80 Pteropter Hover Pod,vehicles,3:123,https://www.swcombine.com/ws/v2.0/types/vehicles/msp80%20pteropter%20hover%20pod/
Mobquet A-1 Deluxe Floater,vehicles,3:18,https://www.swcombine.com/ws/v2.0/types/vehicles/mobquet%20a-1%20deluxe%20floater/
Nebulon-S Racing Swoop,vehicles,3:87,https://www.swcombine.com/ws/v2.0/types/vehicles/nebulon-s%20racing%20swoop/
Ord Pedrovia,vehicles,3:92,https://www.swcombine.com/ws/v2.0/types/vehicles/ord%20pedrovia/
Overracer Speeder Bike,vehicles,3:82,https://www.swcombine.com/ws/v2.0/types/vehicles/overracer%20speeder%20bike/
PL-90 Luxury Speeder,vehicles,3:121,https://www.swcombine.com/ws/v2.0/types/vehicles/pl-90%20luxury%20speeder/
QH-3 LAV,vehicles,3:40,https://www.swcombine.com/ws/v2.0/types/vehicles/qh-3%20lav/
QH-7 LAVr Chariot,vehicles,3:3,https://www.swcombine.com/ws/v2.0/types/vehicles/qh-7%20lavr%20chariot/
Quadrijet 4-Barrel 904E,vehicles,3:77,https://www.swcombine.com/ws/v2.0/types/vehicles/quadrijet%204-barrel%20904e/
Raddaugh Gnasp Fluttercraft,vehicles,3:72,https://www.swcombine.com/ws/v2.0/types/vehicles/raddaugh%20gnasp%20fluttercraft/
Radon-Ulzer 620C,vehicles,3:59,https://www.swcombine.com/ws/v2.0/types/vehicles/radon-ulzer%20620c/
Republic Gunship,vehicles,3:111,https://www.swcombine.com/ws/v2.0/types/vehicles/republic%20gunship/
S-Swoop,vehicles,3:28,https://www.swcombine.com/ws/v2.0/types/vehicles/s-swoop/
S74-2 Speeder Bike,vehicles,3:11,https://www.swcombine.com/ws/v2.0/types/vehicles/s74-2%20speeder%20bike/
Senate Shuttlebus,vehicles,3:74,https://www.swcombine.com/ws/v2.0/types/vehicles/senate%20shuttlebus/
Single Troop Aerial Platform,vehicles,3:46,https://www.swcombine.com/ws/v2.0/types/vehicles/single%20troop%20aerial%20platform/
Skybird Racing Swoop,vehicles,3:80,https://www.swcombine.com/ws/v2.0/types/vehicles/skybird%20racing%20swoop/
T-16 Skyhopper,vehicles,3:8,https://www.swcombine.com/ws/v2.0/types/vehicles/t-16%20skyhopper/
T-47 Airspeeder,vehicles,3:10,https://www.swcombine.com/ws/v2.0/types/vehicles/t-47%20airspeeder/
THX-1138 Void Spider,vehicles,3:27,https://www.swcombine.com/ws/v2.0/types/vehicles/thx-1138%20void%20spider/
U-9000 Z001,vehicles,3:17,https://www.swcombine.com/ws/v2.0/types/vehicles/u-9000%20z001/
Undicur-class Jumpspeeder,vehicles,3:122,https://www.swcombine.com/ws/v2.0/types/vehicles/undicur-class%20jumpspeeder/
V-00 Rover,vehicles,3:41,https://www.swcombine.com/ws/v2.0/types/vehicles/v-00%20rover/
V-35 Courier,vehicles,3:16,https://www.swcombine.com/ws/v2.0/types/vehicles/v-35%20courier/
V-Wing Airspeeder,vehicles,3:42,https://www.swcombine.com/ws/v2.0/types/vehicles/v-wing%20airspeeder/
Vokoff-Strood Plug-8G 927,vehicles,3:49,https://www.swcombine.com/ws/v2.0/types/vehicles/vokoff-strood%20plug-8g%20927/
Vokoff-Strood Titan 2150,vehicles,3:50,https://www.swcombine.com/ws/v2.0/types/vehicles/vokoff-strood%20titan%202150/
Vulptereen 327,vehicles,3:53,https://www.swcombine.com/ws/v2.0/types/vehicles/vulptereen%20327/
X-34 Landspeeder,vehicles,3:9,https://www.swcombine.com/ws/v2.0/types/vehicles/x-34%20landspeeder/
Zephyr-G Swoop,vehicles,3:75,https://www.swcombine.com/ws/v2.0/types/vehicles/zephyr-g%20swoop/
Bantha II Cargo Skiff,vehicles,3:13,https://www.swcombine.com/ws/v2.0/types/vehicles/bantha%20ii%20cargo%20skiff/
Desert Sail-20 Skiff,vehicles,3:93,https://www.swcombine.com/ws/v2.0/types/vehicles/desert%20sail-20%20skiff/
Eclipse Sail Barge,vehicles,3:79,https://www.swcombine.com/ws/v2.0/types/vehicles/eclipse%20sail%20barge/
Heavy Transport Barge,vehicles,3:30,https://www.swcombine.com/ws/v2.0/types/vehicles/heavy%20transport%20barge/
JX40 Jailspeeder,vehicles,3:95,https://www.swcombine.com/ws/v2.0/types/vehicles/jx40%20jailspeeder/
Lava Skiff,vehicles,3:114,https://www.swcombine.com/ws/v2.0/types/vehicles/lava%20skiff/
Luxury Sail Barge,vehicles,3:12,https://www.swcombine.com/ws/v2.0/types/vehicles/luxury%20sail%20barge/
Oevvaor Jet Catamaran,vehicles,3:97,https://www.swcombine.com/ws/v2.0/types/vehicles/oevvaor%20jet%20catamaran/
Personnel Skiff Model IV,vehicles,3:81,https://www.swcombine.com/ws/v2.0/types/vehicles/personnel%20skiff%20model%20iv/
Platoon Attack Craft,vehicles,3:65,https://www.swcombine.com/ws/v2.0/types/vehicles/platoon%20attack%20craft/
QH-1 Imperial barge,vehicles,3:4,https://www.swcombine.com/ws/v2.0/types/vehicles/qh-1%20imperial%20barge/
Seltiss-2 Caravel,vehicles,3:15,https://www.swcombine.com/ws/v2.0/types/vehicles/seltiss-2%20caravel/
Wind Rider,vehicles,3:70,https://www.swcombine.com/ws/v2.0/types/vehicles/wind%20rider%20/
Windrunner-class Air Barge,vehicles,3:115,https://www.swcombine.com/ws/v2.0/types/vehicles/windrunner-class%20air%20barge/
AT RT Walker,vehicles,3:105,https://www.swcombine.com/ws/v2.0/types/vehicles/at%20rt%20walker/
AT-AT,vehicles,3:2,https://www.swcombine.com/ws/v2.0/types/vehicles/at-at/
AT-PT,vehicles,3:19,https://www.swcombine.com/ws/v2.0/types/vehicles/at-pt/
AT-ST,vehicles,3:1,https://www.swcombine.com/ws/v2.0/types/vehicles/at-st/
Alazhixazha,vehicles,3:61,https://www.swcombine.com/ws/v2.0/types/vehicles/alazhixazha/
Armoured Attack Tank,vehicles,3:47,https://www.swcombine.com/ws/v2.0/types/vehicles/armoured%20attack%20tank/
CAP-2,vehicles,3:85,https://www.swcombine.com/ws/v2.0/types/vehicles/cap-2/
CAVw PX-10,vehicles,3:66,https://www.swcombine.com/ws/v2.0/types/vehicles/cavw%20px-10/
Clone Blaze Trooper Armor,vehicles,3:108,https://www.swcombine.com/ws/v2.0/types/vehicles/clone%20blaze%20trooper%20armor/
EVS Construction Droid,vehicles,3:64,https://www.swcombine.com/ws/v2.0/types/vehicles/evs%20construction%20droid/
Forest Ranger,vehicles,3:84,https://www.swcombine.com/ws/v2.0/types/vehicles/forest%20ranger/
Gladiator Walker,vehicles,3:99,https://www.swcombine.com/ws/v2.0/types/vehicles/gladiator%20walker/
H-1 Light Battle Tank,vehicles,3:23,https://www.swcombine.com/ws/v2.0/types/vehicles/h-1%20light%20battle%20tank/
Hover Tank,vehicles,3:22,https://www.swcombine.com/ws/v2.0/types/vehicles/hover%20tank/
Hoverscout,vehicles,3:68,https://www.swcombine.com/ws/v2.0/types/vehicles/hoverscout/
Juggernaut,vehicles,3:20,https://www.swcombine.com/ws/v2.0/types/vehicles/juggernaut/
MTV-7,vehicles,3:43,https://www.swcombine.com/ws/v2.0/types/vehicles/mtv-7/
Reconnaissance Troop Transport,vehicles,3:86,https://www.swcombine.com/ws/v2.0/types/vehicles/reconnaissance%20troop%20transport/
SX-65 Groundhog,vehicles,3:45,https://www.swcombine.com/ws/v2.0/types/vehicles/sx-65%20groundhog/
Sandcrawler,vehicles,3:5,https://www.swcombine.com/ws/v2.0/types/vehicles/sandcrawler/
Scout and Retrieval/SRV 1,vehicles,3:107,https://www.swcombine.com/ws/v2.0/types/vehicles/scout%20and%20retrieval%252Fsrv%201/
TIE-Crawler,vehicles,3:21,https://www.swcombine.com/ws/v2.0/types/vehicles/tie-crawler/
TX-130 Saber-class Tank,vehicles,3:14,https://www.swcombine.com/ws/v2.0/types/vehicles/tx-130%20saber-class%20tank/
Tsmeu-6 Personal Wheel Bike,vehicles,3:98,https://www.swcombine.com/ws/v2.0/types/vehicles/tsmeu-6%20personal%20wheel%20bike/
WLO 5 Speeder Tank,vehicles,3:106,https://www.swcombine.com/ws/v2.0/types/vehicles/wlo%205%20speeder%20tank/
X10 Patrol Groundcruiser,vehicles,3:76,https://www.swcombine.com/ws/v2.0/types/vehicles/x10%20patrol%20groundcruiser/
Amphibion,vehicles,3:26,https://www.swcombine.com/ws/v2.0/types/vehicles/amphibion/
Aurorient Express,vehicles,3:101,https://www.swcombine.com/ws/v2.0/types/vehicles/aurorient%20express/
Benetti B-68,vehicles,3:37,https://www.swcombine.com/ws/v2.0/types/vehicles/benetti%20b-68/
Bongo Sub,vehicles,3:39,https://www.swcombine.com/ws/v2.0/types/vehicles/bongo%20sub/
Coral Vanda,vehicles,3:31,https://www.swcombine.com/ws/v2.0/types/vehicles/coral%20vanda/
Heavy Cargo Mk II,vehicles,3:38,https://www.swcombine.com/ws/v2.0/types/vehicles/heavy%20cargo%20mk%20ii/
Hunter-class Corvette,vehicles,3:34,https://www.swcombine.com/ws/v2.0/types/vehicles/hunter-class%20corvette/
Imperial Attack Sub,vehicles,3:24,https://www.swcombine.com/ws/v2.0/types/vehicles/imperial%20attack%20sub/
LST,vehicles,3:35,https://www.swcombine.com/ws/v2.0/types/vehicles/lst/
MVR-3 Mini Sub,vehicles,3:94,https://www.swcombine.com/ws/v2.0/types/vehicles/mvr-3%20mini%20sub/
Mon Calamari Attack Sub,vehicles,3:25,https://www.swcombine.com/ws/v2.0/types/vehicles/mon%20calamari%20attack%20sub/
Mon Calamari Submersible,vehicles,3:71,https://www.swcombine.com/ws/v2.0/types/vehicles/mon%20calamari%20submersible/
Revenant Wavespeeder,vehicles,3:96,https://www.swcombine.com/ws/v2.0/types/vehicles/revenant%20wavespeeder/
Submersible Devilfish,vehicles,3:116,https://www.swcombine.com/ws/v2.0/types/vehicles/submersible%20devilfish/
Wrecks,vehicles,3:44,https://www.swcombine.com/ws/v2.0/types/vehicles/wrecks/
Amphibian Survival Backpack,items,12:10,https://www.swcombine.com/ws/v2.0/types/items/amphibian%20survival%20backpack/
Amphibian Survival Mask,items,12:9,https://www.swcombine.com/ws/v2.0/types/items/amphibian%20survival%20mask/
Amphibian Survival Suit,items,12:8,https://www.swcombine.com/ws/v2.0/types/items/amphibian%20survival%20suit/
Arctic Survival Helmet,items,12:2,https://www.swcombine.com/ws/v2.0/types/items/arctic%20survival%20helmet/
Arctic Survival Suit,items,12:158,https://www.swcombine.com/ws/v2.0/types/items/arctic%20survival%20suit/
Breathing Mask,items,12:11,https://www.swcombine.com/ws/v2.0/types/items/breathing%20mask/
Camouflage Tent,items,12:17,https://www.swcombine.com/ws/v2.0/types/items/camouflage%20tent/
Flare,items,12:13,https://www.swcombine.com/ws/v2.0/types/items/flare/
Hostile Atmosphere Tent,items,12:18,https://www.swcombine.com/ws/v2.0/types/items/hostile%20atmosphere%20tent/
Patchwork Survival Suit,items,12:304,https://www.swcombine.com/ws/v2.0/types/items/patchwork%20survival%20suit/
Survival Pack,items,12:15,https://www.swcombine.com/ws/v2.0/types/items/survival%20pack/
Tent,items,12:16,https://www.swcombine.com/ws/v2.0/types/items/tent/
Thermal Survival Helmet,items,12:4,https://www.swcombine.com/ws/v2.0/types/items/thermal%20survival%20helmet/
Thermal Survival Suit,items,12:3,https://www.swcombine.com/ws/v2.0/types/items/thermal%20survival%20suit/
Vacuum Survival Backpack,items,12:7,https://www.swcombine.com/ws/v2.0/types/items/vacuum%20survival%20backpack/
Vacuum Survival Helmet,items,12:6,https://www.swcombine.com/ws/v2.0/types/items/vacuum%20survival%20helmet/
Vacuum Survival Suit,items,12:5,https://www.swcombine.com/ws/v2.0/types/items/vacuum%20survival%20suit/
Bait,items,12:426,https://www.swcombine.com/ws/v2.0/types/items/bait/
Beskar Jetpack,items,12:124,https://www.swcombine.com/ws/v2.0/types/items/beskar%20jetpack/
Binders,items,12:302,https://www.swcombine.com/ws/v2.0/types/items/binders/
Biological Sensor Pack,items,12:29,https://www.swcombine.com/ws/v2.0/types/items/biological%20sensor%20pack/
Bounty Fob,items,12:416,https://www.swcombine.com/ws/v2.0/types/items/bounty%20fob/
Bounty Puck,items,12:415,https://www.swcombine.com/ws/v2.0/types/items/bounty%20puck/
Crafting Kit,items,12:39,https://www.swcombine.com/ws/v2.0/types/items/crafting%20kit/
Cyborg Skill Card,items,12:38,https://www.swcombine.com/ws/v2.0/types/items/cyborg%20skill%20card/
Datacard,items,12:31,https://www.swcombine.com/ws/v2.0/types/items/datacard/
Datapad,items,12:30,https://www.swcombine.com/ws/v2.0/types/items/datapad/
Droid Parts,items,12:392,https://www.swcombine.com/ws/v2.0/types/items/droid%20parts/
Electronic Lock Breaker,items,12:25,https://www.swcombine.com/ws/v2.0/types/items/electronic%20lock%20breaker/
Energy Sensor Pack,items,12:28,https://www.swcombine.com/ws/v2.0/types/items/energy%20sensor%20pack/
Force Detector,items,12:116,https://www.swcombine.com/ws/v2.0/types/items/force%20detector/
Grappling Hook,items,12:32,https://www.swcombine.com/ws/v2.0/types/items/grappling%20hook/
Incubator,items,12:348,https://www.swcombine.com/ws/v2.0/types/items/incubator/
Jetpack,items,12:35,https://www.swcombine.com/ws/v2.0/types/items/jetpack/
Keycard,items,12:1,https://www.swcombine.com/ws/v2.0/types/items/keycard/
Macro Binoculars,items,12:21,https://www.swcombine.com/ws/v2.0/types/items/macro%20binoculars/
Multiple Sensor Pack,items,12:27,https://www.swcombine.com/ws/v2.0/types/items/multiple%20sensor%20pack/
Portable Power Generator,items,12:20,https://www.swcombine.com/ws/v2.0/types/items/portable%20power%20generator/
Remote,items,12:33,https://www.swcombine.com/ws/v2.0/types/items/remote/
Restraining Bolt,items,12:24,https://www.swcombine.com/ws/v2.0/types/items/restraining%20bolt/
Sensor Beacon,items,12:14,https://www.swcombine.com/ws/v2.0/types/items/sensor%20beacon/
Ship Parts,items,12:440,https://www.swcombine.com/ws/v2.0/types/items/ship%20parts/
Stun Cuffs,items,12:26,https://www.swcombine.com/ws/v2.0/types/items/stun%20cuffs/
Thermal Goggles (Heat Sensor),items,12:22,https://www.swcombine.com/ws/v2.0/types/items/thermal%20goggles%20%28heat%20sensor%29/
Toolkit,items,12:23,https://www.swcombine.com/ws/v2.0/types/items/toolkit/
Anti-Grav Sled,items,12:47,https://www.swcombine.com/ws/v2.0/types/items/anti-grav%20sled/
BARC Trooper Belt,items,12:249,https://www.swcombine.com/ws/v2.0/types/items/barc%20trooper%20belt/
Belt,items,12:42,https://www.swcombine.com/ws/v2.0/types/items/belt/
Beskar Belt,items,12:123,https://www.swcombine.com/ws/v2.0/types/items/beskar%20belt/
Cargo Container,items,12:131,https://www.swcombine.com/ws/v2.0/types/items/cargo%20container/
Clone Trooper Belt,items,12:235,https://www.swcombine.com/ws/v2.0/types/items/clone%20trooper%20belt/
Engineer Vest,items,12:58,https://www.swcombine.com/ws/v2.0/types/items/engineer%20vest/
Guardian Flight Backpack,items,12:76,https://www.swcombine.com/ws/v2.0/types/items/guardian%20flight%20backpack/
Heavy Belt,items,12:44,https://www.swcombine.com/ws/v2.0/types/items/heavy%20belt/
Large Backpack,items,12:41,https://www.swcombine.com/ws/v2.0/types/items/large%20backpack/
Rebel Camouflage Belt,items,12:94,https://www.swcombine.com/ws/v2.0/types/items/rebel%20camouflage%20belt/
Republic Commando Backpack,items,12:230,https://www.swcombine.com/ws/v2.0/types/items/republic%20commando%20backpack/
Republic Commando Belt,items,12:229,https://www.swcombine.com/ws/v2.0/types/items/republic%20commando%20belt/
Safe,items,12:46,https://www.swcombine.com/ws/v2.0/types/items/safe/
Small Backpack,items,12:40,https://www.swcombine.com/ws/v2.0/types/items/small%20backpack/
Snow Trooper Backpack,items,12:86,https://www.swcombine.com/ws/v2.0/types/items/snow%20trooper%20backpack/
Storage Cylinder,items,12:412,https://www.swcombine.com/ws/v2.0/types/items/storage%20cylinder/
Storm Trooper Belt,items,12:83,https://www.swcombine.com/ws/v2.0/types/items/storm%20trooper%20belt/
Tool Belt,items,12:43,https://www.swcombine.com/ws/v2.0/types/items/tool%20belt/
Trunk,items,12:45,https://www.swcombine.com/ws/v2.0/types/items/trunk/
Vertical Locker,items,12:152,https://www.swcombine.com/ws/v2.0/types/items/vertical%20locker/
Cape,items,12:300,https://www.swcombine.com/ws/v2.0/types/items/cape/
Clothing,items,12:59,https://www.swcombine.com/ws/v2.0/types/items/clothing/
Force Robe,items,12:136,https://www.swcombine.com/ws/v2.0/types/items/force%20robe/
Guardian Flight Helmet,items,12:75,https://www.swcombine.com/ws/v2.0/types/items/guardian%20flight%20helmet/
Guardian Flight Suit,items,12:74,https://www.swcombine.com/ws/v2.0/types/items/guardian%20flight%20suit/
Imperial Fighter Pilot Flight Mask,items,12:49,https://www.swcombine.com/ws/v2.0/types/items/imperial%20fighter%20pilot%20flight%20mask/
Imperial Fighter Pilot Flight Suit,items,12:48,https://www.swcombine.com/ws/v2.0/types/items/imperial%20fighter%20pilot%20flight%20suit/
Imperial Uniform,items,12:157,https://www.swcombine.com/ws/v2.0/types/items/imperial%20uniform/
Mask,items,12:60,https://www.swcombine.com/ws/v2.0/types/items/mask/
Old Republic Flight Mask,items,12:232,https://www.swcombine.com/ws/v2.0/types/items/old%20republic%20flight%20mask/
Old Republic Flight Suit,items,12:231,https://www.swcombine.com/ws/v2.0/types/items/old%20republic%20flight%20suit/
Rebel Navy Uniform,items,12:156,https://www.swcombine.com/ws/v2.0/types/items/rebel%20navy%20uniform/
Rebel Pilot Flight Mask,items,12:51,https://www.swcombine.com/ws/v2.0/types/items/rebel%20pilot%20flight%20mask/
Rebel Pilot Flight Suit,items,12:50,https://www.swcombine.com/ws/v2.0/types/items/rebel%20pilot%20flight%20suit/
Robe,items,12:301,https://www.swcombine.com/ws/v2.0/types/items/robe/
Standard Flight Mask,items,12:53,https://www.swcombine.com/ws/v2.0/types/items/standard%20flight%20mask/
Standard Flight Suit,items,12:52,https://www.swcombine.com/ws/v2.0/types/items/standard%20flight%20suit/
BARC Trooper Armour,items,12:247,https://www.swcombine.com/ws/v2.0/types/items/barc%20trooper%20armour/
BARC Trooper Helmet,items,12:248,https://www.swcombine.com/ws/v2.0/types/items/barc%20trooper%20helmet/
Battle Armour,items,12:68,https://www.swcombine.com/ws/v2.0/types/items/battle%20armour/
Beskar Armour,items,12:121,https://www.swcombine.com/ws/v2.0/types/items/beskar%20armour/
Beskar Helmet,items,12:122,https://www.swcombine.com/ws/v2.0/types/items/beskar%20helmet/
Camouflage Scout Armour,items,12:66,https://www.swcombine.com/ws/v2.0/types/items/camouflage%20scout%20armour/
Camouflage Scout Helmet,items,12:67,https://www.swcombine.com/ws/v2.0/types/items/camouflage%20scout%20helmet/
Ceremonial Armour,items,12:72,https://www.swcombine.com/ws/v2.0/types/items/ceremonial%20armour/
Ceremonial Combat Armour,items,12:153,https://www.swcombine.com/ws/v2.0/types/items/ceremonial%20combat%20armour/
Clone Trooper Armour,items,12:233,https://www.swcombine.com/ws/v2.0/types/items/clone%20trooper%20armour/
Clone Trooper Helmet,items,12:234,https://www.swcombine.com/ws/v2.0/types/items/clone%20trooper%20helmet/
Combat Armour,items,12:71,https://www.swcombine.com/ws/v2.0/types/items/combat%20armour/
Corellian Powersuit Armour,items,12:64,https://www.swcombine.com/ws/v2.0/types/items/corellian%20powersuit%20armour/
Corellian Powersuit Helmet,items,12:65,https://www.swcombine.com/ws/v2.0/types/items/corellian%20powersuit%20helmet/
Energy Shield,items,12:97,https://www.swcombine.com/ws/v2.0/types/items/energy%20shield/
Falleen Federation Royal Armour,items,12:77,https://www.swcombine.com/ws/v2.0/types/items/falleen%20federation%20royal%20armour/
Falleen Federation Royal Helmet,items,12:78,https://www.swcombine.com/ws/v2.0/types/items/falleen%20federation%20royal%20helmet/
Flak Helmet,items,12:63,https://www.swcombine.com/ws/v2.0/types/items/flak%20helmet/
Flak Jacket,items,12:62,https://www.swcombine.com/ws/v2.0/types/items/flak%20jacket/
Handled Shield,items,12:96,https://www.swcombine.com/ws/v2.0/types/items/handled%20shield/
Hapan Ceremonial Armour,items,12:73,https://www.swcombine.com/ws/v2.0/types/items/hapan%20ceremonial%20armour/
Heavy Battle Armour,items,12:69,https://www.swcombine.com/ws/v2.0/types/items/heavy%20battle%20armour/
Heavy Battle Helmet,items,12:70,https://www.swcombine.com/ws/v2.0/types/items/heavy%20battle%20helmet/
Hide Armour,items,12:303,https://www.swcombine.com/ws/v2.0/types/items/hide%20armour/
Imperial Royal Armour,items,12:87,https://www.swcombine.com/ws/v2.0/types/items/imperial%20royal%20armour/
Imperial Royal Helmet,items,12:88,https://www.swcombine.com/ws/v2.0/types/items/imperial%20royal%20helmet/
Kinetic Armour,items,12:61,https://www.swcombine.com/ws/v2.0/types/items/kinetic%20armour/
Rebel Camouflage Gear,items,12:92,https://www.swcombine.com/ws/v2.0/types/items/rebel%20camouflage%20gear/
Rebel Camouflage Helmet,items,12:93,https://www.swcombine.com/ws/v2.0/types/items/rebel%20camouflage%20helmet/
Rebel Snow Armour,items,12:90,https://www.swcombine.com/ws/v2.0/types/items/rebel%20snow%20armour/
Rebel Snow Helmet,items,12:91,https://www.swcombine.com/ws/v2.0/types/items/rebel%20snow%20helmet/
Rebel Trooper Armour,items,12:89,https://www.swcombine.com/ws/v2.0/types/items/rebel%20trooper%20armour/
Rebel Trooper Helmet,items,12:273,https://www.swcombine.com/ws/v2.0/types/items/rebel%20trooper%20helmet/
Republic Commando Armour,items,12:223,https://www.swcombine.com/ws/v2.0/types/items/republic%20commando%20armour/
Republic Commando Helmet,items,12:224,https://www.swcombine.com/ws/v2.0/types/items/republic%20commando%20helmet/
Riot Shield,items,12:95,https://www.swcombine.com/ws/v2.0/types/items/riot%20shield/
SWLTR Helmet,items,12:80,https://www.swcombine.com/ws/v2.0/types/items/swltr%20helmet/
SWLTR Suit,items,12:79,https://www.swcombine.com/ws/v2.0/types/items/swltr%20suit/
Snow Trooper Armour,items,12:84,https://www.swcombine.com/ws/v2.0/types/items/snow%20trooper%20armour/
Snow Trooper Helmet,items,12:85,https://www.swcombine.com/ws/v2.0/types/items/snow%20trooper%20helmet/
Storm Trooper Armour,items,12:81,https://www.swcombine.com/ws/v2.0/types/items/storm%20trooper%20armour/
Storm Trooper Helmet,items,12:82,https://www.swcombine.com/ws/v2.0/types/items/storm%20trooper%20helmet/
Tactical Helmet,items,12:98,https://www.swcombine.com/ws/v2.0/types/items/tactical%20helmet/
GPS,items,12:106,https://www.swcombine.com/ws/v2.0/types/items/gps/
Holoprojector,items,12:104,https://www.swcombine.com/ws/v2.0/types/items/holoprojector/
Security Control Panel,items,12:102,https://www.swcombine.com/ws/v2.0/types/items/security%20control%20panel/
Slave Collar,items,12:100,https://www.swcombine.com/ws/v2.0/types/items/slave%20collar/
Sub-Space Radio,items,12:101,https://www.swcombine.com/ws/v2.0/types/items/sub-space%20radio/
Tracking Device,items,12:103,https://www.swcombine.com/ws/v2.0/types/items/tracking%20device/
Antidote,items,12:115,https://www.swcombine.com/ws/v2.0/types/items/antidote/
Bacta Patch,items,12:107,https://www.swcombine.com/ws/v2.0/types/items/bacta%20patch/
Bacta Refill,items,12:114,https://www.swcombine.com/ws/v2.0/types/items/bacta%20refill/
Bacta Tank,items,12:112,https://www.swcombine.com/ws/v2.0/types/items/bacta%20tank/
Cloning Vat,items,12:427,https://www.swcombine.com/ws/v2.0/types/items/cloning%20vat/
Frosty Patch,items,12:428,https://www.swcombine.com/ws/v2.0/types/items/frosty%20patch/
Green Milk,items,12:275,https://www.swcombine.com/ws/v2.0/types/items/green%20milk/
Healing Stick,items,12:111,https://www.swcombine.com/ws/v2.0/types/items/healing%20stick/
Kolto Patch,items,12:399,https://www.swcombine.com/ws/v2.0/types/items/kolto%20patch/
Laser Scalpel,items,12:36,https://www.swcombine.com/ws/v2.0/types/items/laser%20scalpel/
MediKit,items,12:108,https://www.swcombine.com/ws/v2.0/types/items/medikit/
Stimpack,items,12:110,https://www.swcombine.com/ws/v2.0/types/items/stimpack/
Bacta Ryfill,items,12:284,https://www.swcombine.com/ws/v2.0/types/items/bacta%20ryfill/
Death Stick,items,12:283,https://www.swcombine.com/ws/v2.0/types/items/death%20stick/
Poison Vial,items,12:410,https://www.swcombine.com/ws/v2.0/types/items/poison%20vial/
Ryll Patch,items,12:282,https://www.swcombine.com/ws/v2.0/types/items/ryll%20patch/
Artificial Arms,items,12:145,https://www.swcombine.com/ws/v2.0/types/items/artificial%20arms/
Artificial Eyes,items,12:146,https://www.swcombine.com/ws/v2.0/types/items/artificial%20eyes/
Artificial Legs,items,12:147,https://www.swcombine.com/ws/v2.0/types/items/artificial%20legs/
Cyborg Close Combat Unit,items,12:142,https://www.swcombine.com/ws/v2.0/types/items/cyborg%20close%20combat%20unit/
Cyborg Electronics Unit,items,12:140,https://www.swcombine.com/ws/v2.0/types/items/cyborg%20electronics%20unit/
Cyborg Engines Unit,items,12:144,https://www.swcombine.com/ws/v2.0/types/items/cyborg%20engines%20unit/
Cyborg Metallurgy Unit,items,12:139,https://www.swcombine.com/ws/v2.0/types/items/cyborg%20metallurgy%20unit/
Cyborg Ranged Combat Unit,items,12:143,https://www.swcombine.com/ws/v2.0/types/items/cyborg%20ranged%20combat%20unit/
Cyborg Weapons Unit,items,12:141,https://www.swcombine.com/ws/v2.0/types/items/cyborg%20weapons%20unit/
Faulty Cybernetic,items,12:377,https://www.swcombine.com/ws/v2.0/types/items/faulty%20cybernetic/
Aak Eye,items,12:320,https://www.swcombine.com/ws/v2.0/types/items/aak%20eye/
Acklay Claw,items,12:342,https://www.swcombine.com/ws/v2.0/types/items/acklay%20claw/
Bantha Furs,items,12:344,https://www.swcombine.com/ws/v2.0/types/items/bantha%20furs/
Beskar Ingot,items,12:417,https://www.swcombine.com/ws/v2.0/types/items/beskar%20ingot/
Boma Tusk,items,12:333,https://www.swcombine.com/ws/v2.0/types/items/boma%20tusk/
Brain Jar,items,12:360,https://www.swcombine.com/ws/v2.0/types/items/brain%20jar/
Corellian Sand Panther Claw,items,12:317,https://www.swcombine.com/ws/v2.0/types/items/corellian%20sand%20panther%20claw/
Crafted Liquid Wintrium,items,12:423,https://www.swcombine.com/ws/v2.0/types/items/crafted%20liquid%20wintrium/
Crystal Snake Venom,items,12:332,https://www.swcombine.com/ws/v2.0/types/items/crystal%20snake%20venom/
Cy`een Flipper,items,12:313,https://www.swcombine.com/ws/v2.0/types/items/cy%60een%20flipper/
D`oemir Bear Hide,items,12:326,https://www.swcombine.com/ws/v2.0/types/items/d%60oemir%20bear%20hide/
Dewback Skins,items,12:341,https://www.swcombine.com/ws/v2.0/types/items/dewback%20skins/
Dianoga Eye Stalk,items,12:312,https://www.swcombine.com/ws/v2.0/types/items/dianoga%20eye%20stalk/
Draigon Scales,items,12:311,https://www.swcombine.com/ws/v2.0/types/items/draigon%20scales/
Duracrete Skin,items,12:310,https://www.swcombine.com/ws/v2.0/types/items/duracrete%20skin/
Eopie Snout,items,12:318,https://www.swcombine.com/ws/v2.0/types/items/eopie%20snout/
Eye-snatcher Eye,items,12:337,https://www.swcombine.com/ws/v2.0/types/items/eye-snatcher%20eye/
Falumpaset Fetlock,items,12:309,https://www.swcombine.com/ws/v2.0/types/items/falumpaset%20fetlock/
Fambaa Embryo,items,12:308,https://www.swcombine.com/ws/v2.0/types/items/fambaa%20embryo/
Geejaw Beak,items,12:336,https://www.swcombine.com/ws/v2.0/types/items/geejaw%20beak/
Geonosian Massiff Antlers,items,12:325,https://www.swcombine.com/ws/v2.0/types/items/geonosian%20massiff%20antlers/
Ghostbox,items,12:439,https://www.swcombine.com/ws/v2.0/types/items/ghostbox/
Gizka Leg,items,12:368,https://www.swcombine.com/ws/v2.0/types/items/gizka%20leg/
Granite Slug Eye Stalk,items,12:331,https://www.swcombine.com/ws/v2.0/types/items/granite%20slug%20eye%20stalk/
Gundark Ear,items,12:324,https://www.swcombine.com/ws/v2.0/types/items/gundark%20ear/
Hawkbat Beak,items,12:330,https://www.swcombine.com/ws/v2.0/types/items/hawkbat%20beak/
Howlrunner Skull,items,12:323,https://www.swcombine.com/ws/v2.0/types/items/howlrunner%20skull/
Hunting Tag,items,12:403,https://www.swcombine.com/ws/v2.0/types/items/hunting%20tag/
Kaadu Snout,items,12:316,https://www.swcombine.com/ws/v2.0/types/items/kaadu%20snout/
Katarn Skull,items,12:315,https://www.swcombine.com/ws/v2.0/types/items/katarn%20skull/
Kell Dragon Pearl,items,12:314,https://www.swcombine.com/ws/v2.0/types/items/kell%20dragon%20pearl/
Kintan Strider Blood,items,12:340,https://www.swcombine.com/ws/v2.0/types/items/kintan%20strider%20blood/
Krayt Dragon Pearl,items,12:280,https://www.swcombine.com/ws/v2.0/types/items/krayt%20dragon%20pearl/
Loth-cat Teeth,items,12:422,https://www.swcombine.com/ws/v2.0/types/items/loth-cat%20teeth/
Monkey's Paw,items,12:425,https://www.swcombine.com/ws/v2.0/types/items/monkey%27s%20paw/
Mynock Lips,items,12:373,https://www.swcombine.com/ws/v2.0/types/items/mynock%20lips/
Mysterious Egg,items,12:347,https://www.swcombine.com/ws/v2.0/types/items/mysterious%20egg/
Nerf Horn,items,12:319,https://www.swcombine.com/ws/v2.0/types/items/nerf%20horn/
Nexu Tail,items,12:370,https://www.swcombine.com/ws/v2.0/types/items/nexu%20tail/
Nuna Claw,items,12:327,https://www.swcombine.com/ws/v2.0/types/items/nuna%20claw/
Physallis Berry,items,12:334,https://www.swcombine.com/ws/v2.0/types/items/physallis%20berry/
Present,items,12:376,https://www.swcombine.com/ws/v2.0/types/items/present/
Quizzer Dorsal Plate,items,12:329,https://www.swcombine.com/ws/v2.0/types/items/quizzer%20dorsal%20plate/
Rancor Tooth,items,12:346,https://www.swcombine.com/ws/v2.0/types/items/rancor%20tooth/
Rathtar Tongue,items,12:406,https://www.swcombine.com/ws/v2.0/types/items/rathtar%20tongue/
Raw Bacon,items,12:421,https://www.swcombine.com/ws/v2.0/types/items/raw%20bacon/
Reek Horn,items,12:374,https://www.swcombine.com/ws/v2.0/types/items/reek%20horn/
Sarlacc Stomach Acid,items,12:369,https://www.swcombine.com/ws/v2.0/types/items/sarlacc%20stomach%20acid/
Slashrat Killscent,items,12:322,https://www.swcombine.com/ws/v2.0/types/items/slashrat%20killscent/
Space Slug Tooth,items,12:305,https://www.swcombine.com/ws/v2.0/types/items/space%20slug%20tooth/
Spice Eel Teeth,items,12:306,https://www.swcombine.com/ws/v2.0/types/items/spice%20eel%20teeth/
Spice Powder,items,12:328,https://www.swcombine.com/ws/v2.0/types/items/spice%20powder/
Squall Tail,items,12:335,https://www.swcombine.com/ws/v2.0/types/items/squall%20tail/
Streaked Velker Field Cells,items,12:338,https://www.swcombine.com/ws/v2.0/types/items/streaked%20velker%20field%20cells/
Tauntaun Furs,items,12:343,https://www.swcombine.com/ws/v2.0/types/items/tauntaun%20furs/
Thranta Tail,items,12:307,https://www.swcombine.com/ws/v2.0/types/items/thranta%20tail/
Thranta Wings,items,12:339,https://www.swcombine.com/ws/v2.0/types/items/thranta%20wings/
Treasure Chest,items,12:236,https://www.swcombine.com/ws/v2.0/types/items/treasure%20chest/
Trophy,items,12:154,https://www.swcombine.com/ws/v2.0/types/items/trophy/
Varactyl Plume,items,12:375,https://www.swcombine.com/ws/v2.0/types/items/varactyl%20plume/
Vornskr Tail,items,12:321,https://www.swcombine.com/ws/v2.0/types/items/vornskr%20tail/
Vulptex Tail,items,12:405,https://www.swcombine.com/ws/v2.0/types/items/vulptex%20tail/
Wampa Arm,items,12:371,https://www.swcombine.com/ws/v2.0/types/items/wampa%20arm/
Womp Rat Foot,items,12:372,https://www.swcombine.com/ws/v2.0/types/items/womp%20rat%20foot/
Ancient Lightsaber,items,12:400,https://www.swcombine.com/ws/v2.0/types/items/ancient%20lightsaber/
Blade Modulation Control,items,12:394,https://www.swcombine.com/ws/v2.0/types/items/blade%20modulation%20control/
Crystal Control,items,12:393,https://www.swcombine.com/ws/v2.0/types/items/crystal%20control/
Emitter Control,items,12:395,https://www.swcombine.com/ws/v2.0/types/items/emitter%20control/
Kyber Crystal,items,12:397,https://www.swcombine.com/ws/v2.0/types/items/kyber%20crystal/
Kyber Shard,items,12:298,https://www.swcombine.com/ws/v2.0/types/items/kyber%20shard/
Lightsaber Hilt,items,12:295,https://www.swcombine.com/ws/v2.0/types/items/lightsaber%20hilt/
Power Supply,items,12:296,https://www.swcombine.com/ws/v2.0/types/items/power%20supply/
6-2Aug2 Hunting Rifle,items,12:408,https://www.swcombine.com/ws/v2.0/types/items/6-2aug2%20hunting%20rifle/
A280,items,12:177,https://www.swcombine.com/ws/v2.0/types/items/a280/
A295,items,12:179,https://www.swcombine.com/ws/v2.0/types/items/a295/
AXM-50,items,12:182,https://www.swcombine.com/ws/v2.0/types/items/axm-50/
Amban Sniper Rifle,items,12:411,https://www.swcombine.com/ws/v2.0/types/items/amban%20sniper%20rifle/
B22,items,12:178,https://www.swcombine.com/ws/v2.0/types/items/b22/
BT 500,items,12:176,https://www.swcombine.com/ws/v2.0/types/items/bt%20500/
Beskar Vambrace,items,12:429,https://www.swcombine.com/ws/v2.0/types/items/beskar%20vambrace/
Bowcaster,items,12:173,https://www.swcombine.com/ws/v2.0/types/items/bowcaster/
Bryar Pistol,items,12:181,https://www.swcombine.com/ws/v2.0/types/items/bryar%20pistol/
Bryar Rifle,items,12:180,https://www.swcombine.com/ws/v2.0/types/items/bryar%20rifle/
C-M Frag Storm Heavy Shotgun,items,12:189,https://www.swcombine.com/ws/v2.0/types/items/c-m%20frag%20storm%20heavy%20shotgun/
Chakram,items,12:212,https://www.swcombine.com/ws/v2.0/types/items/chakram/
DD6,items,12:169,https://www.swcombine.com/ws/v2.0/types/items/dd6/
DDC Defender,items,12:218,https://www.swcombine.com/ws/v2.0/types/items/ddc%20defender/
DH-17,items,12:167,https://www.swcombine.com/ws/v2.0/types/items/dh-17/
DL-18,items,12:164,https://www.swcombine.com/ws/v2.0/types/items/dl-18/
DL-44,items,12:168,https://www.swcombine.com/ws/v2.0/types/items/dl-44/
DL-56,items,12:184,https://www.swcombine.com/ws/v2.0/types/items/dl-56/
DLT-20a,items,12:162,https://www.swcombine.com/ws/v2.0/types/items/dlt-20a/
DT-12,items,12:217,https://www.swcombine.com/ws/v2.0/types/items/dt-12/
DY-225,items,12:186,https://www.swcombine.com/ws/v2.0/types/items/dy-225/
Dressellian Projectile Rifle,items,12:407,https://www.swcombine.com/ws/v2.0/types/items/dressellian%20projectile%20rifle/
E-11,items,12:166,https://www.swcombine.com/ws/v2.0/types/items/e-11/
E-11B Trooper Rifle,items,12:187,https://www.swcombine.com/ws/v2.0/types/items/e-11b%20trooper%20rifle/
E-5 Droid Blaster,items,12:183,https://www.swcombine.com/ws/v2.0/types/items/e-5%20droid%20blaster/
EE-3,items,12:171,https://www.swcombine.com/ws/v2.0/types/items/ee-3/
ELG-3A,items,12:188,https://www.swcombine.com/ws/v2.0/types/items/elg-3a/
Flamethrower,items,12:185,https://www.swcombine.com/ws/v2.0/types/items/flamethrower/
HB-1,items,12:161,https://www.swcombine.com/ws/v2.0/types/items/hb-1/
HB-5,items,12:190,https://www.swcombine.com/ws/v2.0/types/items/hb-5/
HSB-200 hold-out blaster pistol,items,12:388,https://www.swcombine.com/ws/v2.0/types/items/hsb-200%20hold-out%20blaster%20pistol/
Imperial Munitions 22T4,items,12:175,https://www.swcombine.com/ws/v2.0/types/items/imperial%20munitions%2022t4/
Jawa Ionisation Blaster,items,12:160,https://www.swcombine.com/ws/v2.0/types/items/jawa%20ionisation%20blaster/
LJ-90 BlasTech,items,12:165,https://www.swcombine.com/ws/v2.0/types/items/lj-90%20blastech/
MG-15 Carbine,items,12:222,https://www.swcombine.com/ws/v2.0/types/items/mg-15%20carbine/
Nightstinger,items,12:244,https://www.swcombine.com/ws/v2.0/types/items/nightstinger/
Relby K-23,items,12:216,https://www.swcombine.com/ws/v2.0/types/items/relby%20k-23/
SE-14 Blaster Pistol,items,12:299,https://www.swcombine.com/ws/v2.0/types/items/se-14%20blaster%20pistol/
Scout Blaster,items,12:163,https://www.swcombine.com/ws/v2.0/types/items/scout%20blaster/
T-21 Light Repeating Blaster,items,12:170,https://www.swcombine.com/ws/v2.0/types/items/t-21%20light%20repeating%20blaster/
TB-1a Ionisation Blaster,items,12:159,https://www.swcombine.com/ws/v2.0/types/items/tb-1a%20ionisation%20blaster/
Telltrig-7,items,12:243,https://www.swcombine.com/ws/v2.0/types/items/telltrig-7/
Valken-38 Carbine,items,12:191,https://www.swcombine.com/ws/v2.0/types/items/valken-38%20carbine/
W-2X Wrist Caster,items,12:172,https://www.swcombine.com/ws/v2.0/types/items/w-2x%20wrist%20caster/
X-45 Sniper Rifle,items,12:174,https://www.swcombine.com/ws/v2.0/types/items/x-45%20sniper%20rifle/
Zenji Needles,items,12:210,https://www.swcombine.com/ws/v2.0/types/items/zenji%20needles/
C4-CZN,items,12:272,https://www.swcombine.com/ws/v2.0/types/items/c4-czn/
CVI Rotating Heavy Cannon,items,12:196,https://www.swcombine.com/ws/v2.0/types/items/cvi%20rotating%20heavy%20cannon/
E-Web Blaster,items,12:192,https://www.swcombine.com/ws/v2.0/types/items/e-web%20blaster/
G-40,items,12:271,https://www.swcombine.com/ws/v2.0/types/items/g-40/
HB-11,items,12:195,https://www.swcombine.com/ws/v2.0/types/items/hb-11/
K-43,items,12:269,https://www.swcombine.com/ws/v2.0/types/items/k-43/
Merr-Sonn Mark II,items,12:193,https://www.swcombine.com/ws/v2.0/types/items/merr-sonn%20mark%20ii/
MiniMag PTL Missile Launcher,items,12:197,https://www.swcombine.com/ws/v2.0/types/items/minimag%20ptl%20missile%20launcher/
NZ 9118,items,12:270,https://www.swcombine.com/ws/v2.0/types/items/nz%209118/
RPS-6 Rocket Launcher,items,12:194,https://www.swcombine.com/ws/v2.0/types/items/rps-6%20rocket%20launcher/
Stouker Concussion Rifle,items,12:219,https://www.swcombine.com/ws/v2.0/types/items/stouker%20concussion%20rifle/
TTT-54 - Thumper,items,12:413,https://www.swcombine.com/ws/v2.0/types/items/ttt-54%20-%20thumper/
BD-1 Cutter,items,12:215,https://www.swcombine.com/ws/v2.0/types/items/bd-1%20cutter/
Battle Axe,items,12:201,https://www.swcombine.com/ws/v2.0/types/items/battle%20axe/
Beskar Spear,items,12:430,https://www.swcombine.com/ws/v2.0/types/items/beskar%20spear/
CS-12 Stun Master,items,12:246,https://www.swcombine.com/ws/v2.0/types/items/cs-12%20stun%20master/
Combat Knife,items,12:213,https://www.swcombine.com/ws/v2.0/types/items/combat%20knife/
Double Bladed Lightsaber,items,12:286,https://www.swcombine.com/ws/v2.0/types/items/double%20bladed%20lightsaber/
Electrostaff,items,12:409,https://www.swcombine.com/ws/v2.0/types/items/electrostaff/
Force Pike,items,12:204,https://www.swcombine.com/ws/v2.0/types/items/force%20pike/
Gaderffii,items,12:245,https://www.swcombine.com/ws/v2.0/types/items/gaderffii/
Knife,items,12:198,https://www.swcombine.com/ws/v2.0/types/items/knife/
Knucklers,items,12:221,https://www.swcombine.com/ws/v2.0/types/items/knucklers/
Lightsaber,items,12:285,https://www.swcombine.com/ws/v2.0/types/items/lightsaber/
Mace,items,12:389,https://www.swcombine.com/ws/v2.0/types/items/mace/
Ryyk Blade,items,12:250,https://www.swcombine.com/ws/v2.0/types/items/ryyk%20blade/
Saber,items,12:205,https://www.swcombine.com/ws/v2.0/types/items/saber/
Shockball Glove,items,12:288,https://www.swcombine.com/ws/v2.0/types/items/shockball%20glove/
Staff,items,12:200,https://www.swcombine.com/ws/v2.0/types/items/staff/
Sword,items,12:199,https://www.swcombine.com/ws/v2.0/types/items/sword/
Vibro Axe,items,12:242,https://www.swcombine.com/ws/v2.0/types/items/vibro%20axe/
Vibroblade,items,12:203,https://www.swcombine.com/ws/v2.0/types/items/vibroblade/
Whip,items,12:202,https://www.swcombine.com/ws/v2.0/types/items/whip/
Alpha Plus Charge,items,12:255,https://www.swcombine.com/ws/v2.0/types/items/alpha%20plus%20charge/
Blaststick,items,12:254,https://www.swcombine.com/ws/v2.0/types/items/blaststick/
C-10,items,12:209,https://www.swcombine.com/ws/v2.0/types/items/c-10/
C-22,items,12:206,https://www.swcombine.com/ws/v2.0/types/items/c-22/
Class-A Thermal Detonator,items,12:207,https://www.swcombine.com/ws/v2.0/types/items/class-a%20thermal%20detonator/
EMP Grenade,items,12:211,https://www.swcombine.com/ws/v2.0/types/items/emp%20grenade/
Frame Charge,items,12:253,https://www.swcombine.com/ws/v2.0/types/items/frame%20charge/
PrG-7,items,12:251,https://www.swcombine.com/ws/v2.0/types/items/prg-7/
Sapper Charge,items,12:256,https://www.swcombine.com/ws/v2.0/types/items/sapper%20charge/
Sequencer Charge,items,12:257,https://www.swcombine.com/ws/v2.0/types/items/sequencer%20charge/
Stun Grenade,items,12:208,https://www.swcombine.com/ws/v2.0/types/items/stun%20grenade/
Thermal Bomb,items,12:252,https://www.swcombine.com/ws/v2.0/types/items/thermal%20bomb/
Fake ID,items,12:138,https://www.swcombine.com/ws/v2.0/types/items/fake%20id/
Fuel Canister,items,12:277,https://www.swcombine.com/ws/v2.0/types/items/fuel%20canister/
Holocron,items,12:118,https://www.swcombine.com/ws/v2.0/types/items/holocron/
ID Card,items,12:37,https://www.swcombine.com/ws/v2.0/types/items/id%20card/
Jedi Holocron,items,12:119,https://www.swcombine.com/ws/v2.0/types/items/jedi%20holocron/
Krieg's Run Trophy,items,12:293,https://www.swcombine.com/ws/v2.0/types/items/krieg%27s%20run%20trophy/
Nova Crystal,items,12:281,https://www.swcombine.com/ws/v2.0/types/items/nova%20crystal/
Sith Holocron,items,12:120,https://www.swcombine.com/ws/v2.0/types/items/sith%20holocron/
Universal Energy Cage,items,12:117,https://www.swcombine.com/ws/v2.0/types/items/universal%20energy%20cage/
Concussion Grenade,items,12:289,https://www.swcombine.com/ws/v2.0/types/items/concussion%20grenade/
Concussion Missile,items,12:278,https://www.swcombine.com/ws/v2.0/types/items/concussion%20missile/
Proton Torpedoes,items,12:279,https://www.swcombine.com/ws/v2.0/types/items/proton%20torpedoes/
Rocket 2-pack,items,12:267,https://www.swcombine.com/ws/v2.0/types/items/rocket%202-pack/
Rocket 5-Pack,items,12:268,https://www.swcombine.com/ws/v2.0/types/items/rocket%205-pack/
Space Bomb,items,12:290,https://www.swcombine.com/ws/v2.0/types/items/space%20bomb/
Torpedo,items,12:291,https://www.swcombine.com/ws/v2.0/types/items/torpedo/
Art,items,12:150,https://www.swcombine.com/ws/v2.0/types/items/art/
Corpse,items,12:292,https://www.swcombine.com/ws/v2.0/types/items/corpse/
Custom Item,items,12:225,https://www.swcombine.com/ws/v2.0/types/items/custom%20item/
Fosters,items,12:155,https://www.swcombine.com/ws/v2.0/types/items/fosters/
Juri Juice,items,12:276,https://www.swcombine.com/ws/v2.0/types/items/juri%20juice/
Spork,items,12:151,https://www.swcombine.com/ws/v2.0/types/items/spork/
C1 Series Astromech,droids,13:69,https://www.swcombine.com/ws/v2.0/types/droids/c1%20series%20astromech/
C2-R4,droids,13:41,https://www.swcombine.com/ws/v2.0/types/droids/c2-r4/
D3-S5,droids,13:62,https://www.swcombine.com/ws/v2.0/types/droids/d3-s5/
FA-4 Pilot,droids,13:24,https://www.swcombine.com/ws/v2.0/types/droids/fa-4%20pilot/
R1 Series Astromech,droids,13:27,https://www.swcombine.com/ws/v2.0/types/droids/r1%20series%20astromech/
R2 Series Astromech,droids,13:1,https://www.swcombine.com/ws/v2.0/types/droids/r2%20series%20astromech/
R3 Series Astromech,droids,13:2,https://www.swcombine.com/ws/v2.0/types/droids/r3%20series%20astromech/
R4 Series Astromech,droids,13:3,https://www.swcombine.com/ws/v2.0/types/droids/r4%20series%20astromech/
R5 Series Astromech,droids,13:4,https://www.swcombine.com/ws/v2.0/types/droids/r5%20series%20astromech/
RX Pilot,droids,13:28,https://www.swcombine.com/ws/v2.0/types/droids/rx%20pilot/
S19 Astromech,droids,13:52,https://www.swcombine.com/ws/v2.0/types/droids/s19%20astromech/
T3 Utility Droid,droids,13:38,https://www.swcombine.com/ws/v2.0/types/droids/t3%20utility%20droid/
T7 Series Astromech,droids,13:44,https://www.swcombine.com/ws/v2.0/types/droids/t7%20series%20astromech/
BAF-1000 Assault Droid,droids,13:72,https://www.swcombine.com/ws/v2.0/types/droids/baf-1000%20assault%20droid/
BN-D0 Assassin Droid,droids,13:58,https://www.swcombine.com/ws/v2.0/types/droids/bn-d0%20assassin%20droid/
BX-series Commando Droid,droids,13:70,https://www.swcombine.com/ws/v2.0/types/droids/bx-series%20commando%20droid/
Battle Droid,droids,13:5,https://www.swcombine.com/ws/v2.0/types/droids/battle%20droid/
Buzz Droid,droids,13:56,https://www.swcombine.com/ws/v2.0/types/droids/buzz%20droid/
Destroyer Droid,droids,13:7,https://www.swcombine.com/ws/v2.0/types/droids/destroyer%20droid/
FN-D0 Assassin Droid,droids,13:66,https://www.swcombine.com/ws/v2.0/types/droids/fn-d0%20assassin%20droid/
IG-series Assassin Droid,droids,13:68,https://www.swcombine.com/ws/v2.0/types/droids/ig-series%20assassin%20droid/
ISO-5R,droids,13:60,https://www.swcombine.com/ws/v2.0/types/droids/iso-5r/
K-X12 Probe Droid,droids,13:54,https://www.swcombine.com/ws/v2.0/types/droids/k-x12%20probe%20droid/
Mark I Assault Droid,droids,13:39,https://www.swcombine.com/ws/v2.0/types/droids/mark%20i%20assault%20droid/
R0-L0 Tank Droid,droids,13:59,https://www.swcombine.com/ws/v2.0/types/droids/r0-l0%20tank%20droid/
Sentinel Droid,droids,13:43,https://www.swcombine.com/ws/v2.0/types/droids/sentinel%20droid/
Super Battle Droid,droids,13:6,https://www.swcombine.com/ws/v2.0/types/droids/super%20battle%20droid/
T-Series Tactical Droid,droids,13:51,https://www.swcombine.com/ws/v2.0/types/droids/t-series%20tactical%20droid/
3PO Protocol Droid,droids,13:9,https://www.swcombine.com/ws/v2.0/types/droids/3po%20protocol%20droid/
BD-3000,droids,13:33,https://www.swcombine.com/ws/v2.0/types/droids/bd-3000/
COO Cook Droid,droids,13:47,https://www.swcombine.com/ws/v2.0/types/droids/coo%20cook%20droid/
CZ-3,droids,13:34,https://www.swcombine.com/ws/v2.0/types/droids/cz-3/
EV-series Supervisor Droid,droids,13:77,https://www.swcombine.com/ws/v2.0/types/droids/ev-series%20supervisor%20droid/
HK-Series Protocol Droid,droids,13:64,https://www.swcombine.com/ws/v2.0/types/droids/hk-series%20protocol%20droid/
RA-7,droids,13:10,https://www.swcombine.com/ws/v2.0/types/droids/ra-7/
SP-4,droids,13:35,https://www.swcombine.com/ws/v2.0/types/droids/sp-4/
WA-7,droids,13:31,https://www.swcombine.com/ws/v2.0/types/droids/wa-7/
2-1B,droids,13:11,https://www.swcombine.com/ws/v2.0/types/droids/2-1b/
Chroon-Tan B-Machine,droids,13:57,https://www.swcombine.com/ws/v2.0/types/droids/chroon-tan%20b-machine/
DD-13 Medical Assistant,droids,13:22,https://www.swcombine.com/ws/v2.0/types/droids/dd-13%20medical%20assistant/
FX-7,droids,13:12,https://www.swcombine.com/ws/v2.0/types/droids/fx-7/
MD Medical Specialist,droids,13:13,https://www.swcombine.com/ws/v2.0/types/droids/md%20medical%20specialist/
Republic Medical Droid,droids,13:65,https://www.swcombine.com/ws/v2.0/types/droids/republic%20medical%20droid/
4SOS,droids,13:42,https://www.swcombine.com/ws/v2.0/types/droids/4sos/
ASP-707,droids,13:16,https://www.swcombine.com/ws/v2.0/types/droids/asp-707/
D8 Smelter,droids,13:29,https://www.swcombine.com/ws/v2.0/types/droids/d8%20smelter/
G2,droids,13:37,https://www.swcombine.com/ws/v2.0/types/droids/g2/
LEP Servant Droid,droids,13:55,https://www.swcombine.com/ws/v2.0/types/droids/lep%20servant%20droid/
LIN-series Miner,droids,13:25,https://www.swcombine.com/ws/v2.0/types/droids/lin-series%20miner/
MK-series Maintenance Droid,droids,13:79,https://www.swcombine.com/ws/v2.0/types/droids/mk-series%20maintenance%20droid/
Minimech CE,droids,13:63,https://www.swcombine.com/ws/v2.0/types/droids/minimech%20ce/
PK,droids,13:30,https://www.swcombine.com/ws/v2.0/types/droids/pk/
Pit Droid,droids,13:14,https://www.swcombine.com/ws/v2.0/types/droids/pit%20droid/
RIC,droids,13:32,https://www.swcombine.com/ws/v2.0/types/droids/ric/
SE-2 Worker Droid,droids,13:78,https://www.swcombine.com/ws/v2.0/types/droids/se-2%20worker%20droid/
Scrubber Droid,droids,13:46,https://www.swcombine.com/ws/v2.0/types/droids/scrubber%20droid/
Techno-service Droid,droids,13:53,https://www.swcombine.com/ws/v2.0/types/droids/techno-service%20droid/
WED-Series 'Treadwell',droids,13:15,https://www.swcombine.com/ws/v2.0/types/droids/wed-series%20%27treadwell%27/
2X-3KPR,droids,13:20,https://www.swcombine.com/ws/v2.0/types/droids/2x-3kpr/
ASN-121,droids,13:36,https://www.swcombine.com/ws/v2.0/types/droids/asn-121/
G0T0 Droid,droids,13:40,https://www.swcombine.com/ws/v2.0/types/droids/g0t0%20droid/
Hologlide J57 Cam Droid,droids,13:49,https://www.swcombine.com/ws/v2.0/types/droids/hologlide%20j57%20cam%20droid/
ID9 seeker droid,droids,13:75,https://www.swcombine.com/ws/v2.0/types/droids/id9%20seeker%20droid/
K-4 Security Droid,droids,13:50,https://www.swcombine.com/ws/v2.0/types/droids/k-4%20security%20droid/
KX-series Security Droid,droids,13:67,https://www.swcombine.com/ws/v2.0/types/droids/kx-series%20security%20droid/
Lookout Droid,droids,13:61,https://www.swcombine.com/ws/v2.0/types/droids/lookout%20droid/
MSE-6 'Mouse',droids,13:18,https://www.swcombine.com/ws/v2.0/types/droids/mse-6%20%27mouse%27/
Mark IV Patrol Droid,droids,13:23,https://www.swcombine.com/ws/v2.0/types/droids/mark%20iv%20patrol%20droid/
Patrol Droid,droids,13:17,https://www.swcombine.com/ws/v2.0/types/droids/patrol%20droid/
Probe Droid,droids,13:19,https://www.swcombine.com/ws/v2.0/types/droids/probe%20droid/
Prowler 1000,droids,13:48,https://www.swcombine.com/ws/v2.0/types/droids/prowler%201000/
TT-8L Sentry,droids,13:26,https://www.swcombine.com/ws/v2.0/types/droids/tt-8l%20sentry/
Z-58-0,droids,13:45,https://www.swcombine.com/ws/v2.0/types/droids/z-58-0/
GNK Power Droid,droids,13:21,https://www.swcombine.com/ws/v2.0/types/droids/gnk%20power%20droid/